Date,Time,Time since 1970-01-01T00:00:00Z,,Time since start of measurement,,Temperatur,
2025-12-09,14:14:10.461716,1765286050.461716,s,3e-06,s,73.0,°C
2025-12-09,14:14:10.712140,1765286050.71214,s,0.250427,s,73.0,°C
2025-12-09,14:14:10.962329,1765286050.962329,s,0.500616,s,73.0,°C
2025-12-09,14:14:11.212397,1765286051.212397,s,0.750684,s,73.0,°C
2025-12-09,14:14:11.462647,1765286051.462647,s,1.000934,s,73.0,°C
2025-12-09,14:14:11.712691,1765286051.712691,s,1.250978,s,73.0,°C
2025-12-09,14:14:11.962936,1765286051.962936,s,1.501223,s,73.0,°C
2025-12-09,14:14:12.212934,1765286052.212934,s,1.751221,s,73.0,°C
2025-12-09,14:14:12.463273,1765286052.463273,s,2.00156,s,73.0,°C
2025-12-09,14:14:12.713396,1765286052.713396,s,2.251683,s,73.0,°C
2025-12-09,14:14:12.963736,1765286052.963736,s,2.502023,s,73.0,°C
2025-12-09,14:14:13.213742,1765286053.213742,s,2.752029,s,73.0,°C
2025-12-09,14:14:13.464171,1765286053.464171,s,3.002458,s,73.0,°C
2025-12-09,14:14:13.714251,1765286053.714251,s,3.252538,s,73.0,°C
2025-12-09,14:14:13.964635,1765286053.964635,s,3.502922,s,73.0,°C
2025-12-09,14:14:14.214777,1765286054.214777,s,3.753064,s,73.0,°C
2025-12-09,14:14:14.465026,1765286054.465026,s,4.003313,s,73.0,°C
2025-12-09,14:14:14.715245,1765286054.715245,s,4.253532,s,73.0,°C
2025-12-09,14:14:14.965438,1765286054.965438,s,4.503725,s,73.0,°C
2025-12-09,14:14:15.215706,1765286055.215706,s,4.753993,s,73.0,°C
2025-12-09,14:14:15.465675,1765286055.465675,s,5.003962,s,73.0,°C
2025-12-09,14:14:15.716167,1765286055.716167,s,5.254454,s,73.0,°C
2025-12-09,14:14:15.966003,1765286055.966003,s,5.50429,s,73.0,°C
2025-12-09,14:14:16.216470,1765286056.21647,s,5.754757,s,73.0,°C
2025-12-09,14:14:16.466335,1765286056.466335,s,6.004622,s,73.0,°C
2025-12-09,14:14:16.716812,1765286056.716812,s,6.255099,s,73.0,°C
2025-12-09,14:14:16.966578,1765286056.966578,s,6.504865,s,73.0,°C
2025-12-09,14:14:17.217184,1765286057.217184,s,6.755471,s,73.0,°C
2025-12-09,14:14:17.466912,1765286057.466912,s,7.005199,s,73.0,°C
2025-12-09,14:14:17.717729,1765286057.717729,s,7.256016,s,73.0,°C
2025-12-09,14:14:17.967233,1765286057.967233,s,7.50552,s,73.0,°C
2025-12-09,14:14:18.218249,1765286058.218249,s,7.756536,s,73.0,°C
2025-12-09,14:14:18.467454,1765286058.467454,s,8.005741,s,73.0,°C
2025-12-09,14:14:18.718527,1765286058.718527,s,8.256814,s,73.0,°C
2025-12-09,14:14:18.967764,1765286058.967764,s,8.506051,s,73.0,°C
2025-12-09,14:14:19.218997,1765286059.218997,s,8.757284,s,73.0,°C
2025-12-09,14:14:19.468069,1765286059.468069,s,9.006356,s,73.0,°C
2025-12-09,14:14:19.719344,1765286059.719344,s,9.257631,s,73.0,°C
2025-12-09,14:14:19.968361,1765286059.968361,s,9.506648,s,73.0,°C
2025-12-09,14:14:20.219633,1765286060.219633,s,9.75792,s,73.0,°C
2025-12-09,14:14:20.468897,1765286060.468897,s,10.007184,s,73.0,°C
2025-12-09,14:14:20.720056,1765286060.720056,s,10.258343,s,73.0,°C
2025-12-09,14:14:20.969302,1765286060.969302,s,10.507589,s,73.0,°C
2025-12-09,14:14:21.220530,1765286061.22053,s,10.758817,s,73.0,°C
2025-12-09,14:14:21.469857,1765286061.469857,s,11.008144,s,73.0,°C
2025-12-09,14:14:21.720877,1765286061.720877,s,11.259164,s,73.0,°C
2025-12-09,14:14:21.970268,1765286061.970268,s,11.508555,s,73.0,°C
2025-12-09,14:14:22.221318,1765286062.221318,s,11.759605,s,73.0,°C
2025-12-09,14:14:22.470538,1765286062.470538,s,12.008825,s,73.0,°C
2025-12-09,14:14:22.721558,1765286062.721558,s,12.259845,s,73.0,°C
2025-12-09,14:14:22.971033,1765286062.971033,s,12.50932,s,73.0,°C
2025-12-09,14:14:23.221893,1765286063.221893,s,12.76018,s,73.0,°C
2025-12-09,14:14:23.471516,1765286063.471516,s,13.009803,s,73.0,°C
2025-12-09,14:14:23.722158,1765286063.722158,s,13.260445,s,73.0,°C
2025-12-09,14:14:23.971964,1765286063.971964,s,13.510251,s,73.0,°C
2025-12-09,14:14:24.222494,1765286064.222494,s,13.760781,s,73.0,°C
2025-12-09,14:14:24.472426,1765286064.472426,s,14.010713,s,73.0,°C
2025-12-09,14:14:24.722840,1765286064.72284,s,14.261127,s,73.0,°C
2025-12-09,14:14:24.972927,1765286064.972927,s,14.511214,s,73.0,°C
2025-12-09,14:14:25.223184,1765286065.223184,s,14.761471,s,73.0,°C
2025-12-09,14:14:25.473450,1765286065.47345,s,15.011737,s,73.0,°C
2025-12-09,14:14:25.723457,1765286065.723457,s,15.261744,s,73.0,°C
2025-12-09,14:14:25.973824,1765286065.973824,s,15.512111,s,73.0,°C
2025-12-09,14:14:26.223692,1765286066.223692,s,15.761979,s,73.0,°C
2025-12-09,14:14:26.474329,1765286066.474329,s,16.012616,s,73.0,°C
2025-12-09,14:14:26.723924,1765286066.723924,s,16.262211,s,73.0,°C
2025-12-09,14:14:26.974585,1765286066.974585,s,16.512872,s,73.0,°C
2025-12-09,14:14:27.224290,1765286067.22429,s,16.762577,s,73.0,°C
2025-12-09,14:14:27.475095,1765286067.475095,s,17.013382,s,73.0,°C
2025-12-09,14:14:27.724637,1765286067.724637,s,17.262924,s,73.0,°C
2025-12-09,14:14:27.975553,1765286067.975553,s,17.51384,s,73.0,°C
2025-12-09,14:14:28.224877,1765286068.224877,s,17.763164,s,73.0,°C
2025-12-09,14:14:28.475981,1765286068.475981,s,18.014268,s,73.0,°C
2025-12-09,14:14:28.725333,1765286068.725333,s,18.26362,s,73.0,°C
2025-12-09,14:14:28.976413,1765286068.976413,s,18.5147,s,73.0,°C
2025-12-09,14:14:29.225834,1765286069.225834,s,18.764121,s,73.0,°C
2025-12-09,14:14:29.476729,1765286069.476729,s,19.015016,s,73.0,°C
2025-12-09,14:14:29.726360,1765286069.72636,s,19.264647,s,73.0,°C
2025-12-09,14:14:29.977079,1765286069.977079,s,19.515366,s,73.0,°C
2025-12-09,14:14:30.226655,1765286070.226655,s,19.764942,s,73.0,°C
2025-12-09,14:14:30.477416,1765286070.477416,s,20.015703,s,73.0,°C
2025-12-09,14:14:30.727109,1765286070.727109,s,20.265396,s,73.0,°C
2025-12-09,14:14:30.977785,1765286070.977785,s,20.516072,s,73.0,°C
2025-12-09,14:14:31.227520,1765286071.22752,s,20.765807,s,73.0,°C
2025-12-09,14:14:31.478119,1765286071.478119,s,21.016406,s,73.0,°C
2025-12-09,14:14:31.728006,1765286071.728006,s,21.266293,s,73.0,°C
2025-12-09,14:14:31.978415,1765286071.978415,s,21.516702,s,73.0,°C
2025-12-09,14:14:32.228351,1765286072.228351,s,21.766638,s,73.0,°C
2025-12-09,14:14:32.478747,1765286072.478747,s,22.017034,s,73.0,°C
2025-12-09,14:14:32.728868,1765286072.728868,s,22.267155,s,73.0,°C
2025-12-09,14:14:32.979068,1765286072.979068,s,22.517355,s,73.0,°C
2025-12-09,14:14:33.229336,1765286073.229336,s,22.767623,s,73.0,°C
2025-12-09,14:14:33.479366,1765286073.479366,s,23.017653,s,73.0,°C
2025-12-09,14:14:33.729838,1765286073.729838,s,23.268125,s,73.0,°C
2025-12-09,14:14:33.979651,1765286073.979651,s,23.517938,s,73.0,°C
2025-12-09,14:14:34.230390,1765286074.23039,s,23.768677,s,73.0,°C
2025-12-09,14:14:34.480101,1765286074.480101,s,24.018388,s,73.0,°C
2025-12-09,14:14:34.730907,1765286074.730907,s,24.269194,s,73.0,°C
2025-12-09,14:14:34.980598,1765286074.980598,s,24.518885,s,73.0,°C
2025-12-09,14:14:35.231260,1765286075.23126,s,24.769547,s,73.0,°C
2025-12-09,14:14:35.481127,1765286075.481127,s,25.019414,s,73.0,°C
2025-12-09,14:14:35.731734,1765286075.731734,s,25.270021,s,73.0,°C
2025-12-09,14:14:35.981663,1765286075.981663,s,25.51995,s,73.0,°C
2025-12-09,14:14:36.232179,1765286076.232179,s,25.770466,s,73.0,°C
2025-12-09,14:14:36.482099,1765286076.482099,s,26.020386,s,73.0,°C
2025-12-09,14:14:36.732637,1765286076.732637,s,26.270924,s,73.0,°C
2025-12-09,14:14:36.982403,1765286076.982403,s,26.52069,s,73.0,°C
2025-12-09,14:14:37.233084,1765286077.233084,s,26.771371,s,73.0,°C
2025-12-09,14:14:37.482873,1765286077.482873,s,27.02116,s,73.0,°C
2025-12-09,14:14:37.733414,1765286077.733414,s,27.271701,s,73.0,°C
2025-12-09,14:14:37.983378,1765286077.983378,s,27.521665,s,73.0,°C
2025-12-09,14:14:38.233763,1765286078.233763,s,27.77205,s,73.0,°C
2025-12-09,14:14:38.483831,1765286078.483831,s,28.022118,s,73.0,°C
2025-12-09,14:14:38.734120,1765286078.73412,s,28.272407,s,73.0,°C
2025-12-09,14:14:38.984210,1765286078.98421,s,28.522497,s,73.0,°C
2025-12-09,14:14:39.234408,1765286079.234408,s,28.772695,s,73.0,°C
2025-12-09,14:14:39.484525,1765286079.484525,s,29.022812,s,73.0,°C
2025-12-09,14:14:39.734651,1765286079.734651,s,29.272938,s,73.0,°C
2025-12-09,14:14:39.984980,1765286079.98498,s,29.523267,s,73.0,°C
2025-12-09,14:14:40.234916,1765286080.234916,s,29.773203,s,73.0,°C
2025-12-09,14:14:40.485303,1765286080.485303,s,30.02359,s,73.0,°C
2025-12-09,14:14:40.735189,1765286080.735189,s,30.273476,s,73.0,°C
2025-12-09,14:14:40.985812,1765286080.985812,s,30.524099,s,73.0,°C
2025-12-09,14:14:41.235482,1765286081.235482,s,30.773769,s,73.0,°C
2025-12-09,14:14:41.486316,1765286081.486316,s,31.024603,s,73.0,°C
2025-12-09,14:14:41.735734,1765286081.735734,s,31.274021,s,73.0,°C
2025-12-09,14:14:41.986555,1765286081.986555,s,31.524842,s,73.0,°C
2025-12-09,14:14:42.236153,1765286082.236153,s,31.77444,s,73.0,°C
2025-12-09,14:14:42.486959,1765286082.486959,s,32.025246,s,73.0,°C
2025-12-09,14:14:42.736613,1765286082.736613,s,32.2749,s,73.0,°C
2025-12-09,14:14:42.987262,1765286082.987262,s,32.525549,s,72.0,°C
2025-12-09,14:14:43.237011,1765286083.237011,s,32.775298,s,72.0,°C
2025-12-09,14:14:43.487527,1765286083.487527,s,33.025814,s,72.0,°C
2025-12-09,14:14:43.737464,1765286083.737464,s,33.275751,s,72.0,°C
2025-12-09,14:14:43.987868,1765286083.987868,s,33.526155,s,72.0,°C
2025-12-09,14:14:44.237984,1765286084.237984,s,33.776271,s,72.0,°C
2025-12-09,14:14:44.488316,1765286084.488316,s,34.026603,s,72.0,°C
2025-12-09,14:14:44.738516,1765286084.738516,s,34.276803,s,73.0,°C
2025-12-09,14:14:44.988577,1765286084.988577,s,34.526864,s,73.0,°C
2025-12-09,14:14:45.238947,1765286085.238947,s,34.777234,s,73.0,°C
2025-12-09,14:14:45.488921,1765286085.488921,s,35.027208,s,73.0,°C
2025-12-09,14:14:45.739365,1765286085.739365,s,35.277652,s,73.0,°C
2025-12-09,14:14:45.989256,1765286085.989256,s,35.527543,s,73.0,°C
2025-12-09,14:14:46.239815,1765286086.239815,s,35.778102,s,73.0,°C
2025-12-09,14:14:46.489578,1765286086.489578,s,36.027865,s,73.0,°C
2025-12-09,14:14:46.740159,1765286086.740159,s,36.278446,s,73.0,°C
2025-12-09,14:14:46.989904,1765286086.989904,s,36.528191,s,73.0,°C
2025-12-09,14:14:47.240657,1765286087.240657,s,36.778944,s,73.0,°C
2025-12-09,14:14:47.490234,1765286087.490234,s,37.028521,s,73.0,°C
2025-12-09,14:14:47.741131,1765286087.741131,s,37.279418,s,73.0,°C
2025-12-09,14:14:47.990511,1765286087.990511,s,37.528798,s,73.0,°C
2025-12-09,14:14:48.241594,1765286088.241594,s,37.779881,s,73.0,°C
2025-12-09,14:14:48.490795,1765286088.490795,s,38.029082,s,73.0,°C
2025-12-09,14:14:48.742122,1765286088.742122,s,38.280409,s,73.0,°C
2025-12-09,14:14:48.991173,1765286088.991173,s,38.52946,s,73.0,°C
2025-12-09,14:14:49.242613,1765286089.242613,s,38.7809,s,73.0,°C
2025-12-09,14:14:49.491506,1765286089.491506,s,39.029793,s,73.0,°C
2025-12-09,14:14:49.743063,1765286089.743063,s,39.28135,s,73.0,°C
2025-12-09,14:14:49.991965,1765286089.991965,s,39.530252,s,73.0,°C
2025-12-09,14:14:50.243301,1765286090.243301,s,39.781588,s,73.0,°C
2025-12-09,14:14:50.492386,1765286090.492386,s,40.030673,s,72.0,°C
2025-12-09,14:14:50.743746,1765286090.743746,s,40.282033,s,72.0,°C
2025-12-09,14:14:50.992701,1765286090.992701,s,40.530988,s,72.0,°C
2025-12-09,14:14:51.244168,1765286091.244168,s,40.782455,s,72.0,°C
2025-12-09,14:14:51.493210,1765286091.49321,s,41.031497,s,72.0,°C
2025-12-09,14:14:51.744607,1765286091.744607,s,41.282894,s,72.0,°C
2025-12-09,14:14:51.993686,1765286091.993686,s,41.531973,s,72.0,°C
2025-12-09,14:14:52.245024,1765286092.245024,s,41.783311,s,72.0,°C
2025-12-09,14:14:52.494204,1765286092.494204,s,42.032491,s,72.0,°C
2025-12-09,14:14:52.745466,1765286092.745466,s,42.283753,s,72.0,°C
2025-12-09,14:14:52.994762,1765286092.994762,s,42.533049,s,72.0,°C
2025-12-09,14:14:53.245862,1765286093.245862,s,42.784149,s,72.0,°C
2025-12-09,14:14:53.495207,1765286093.495207,s,43.033494,s,72.0,°C
2025-12-09,14:14:53.746189,1765286093.746189,s,43.284476,s,72.0,°C
2025-12-09,14:14:53.995742,1765286093.995742,s,43.534029,s,72.0,°C
2025-12-09,14:14:54.246405,1765286094.246405,s,43.784692,s,72.0,°C
2025-12-09,14:14:54.496243,1765286094.496243,s,44.03453,s,72.0,°C
2025-12-09,14:14:54.746840,1765286094.74684,s,44.285127,s,72.0,°C
2025-12-09,14:14:54.996803,1765286094.996803,s,44.53509,s,72.0,°C
2025-12-09,14:14:55.247171,1765286095.247171,s,44.785458,s,72.0,°C
2025-12-09,14:14:55.497045,1765286095.497045,s,45.035332,s,72.0,°C
2025-12-09,14:14:55.747410,1765286095.74741,s,45.285697,s,72.0,°C
2025-12-09,14:14:55.997524,1765286095.997524,s,45.535811,s,72.0,°C
2025-12-09,14:14:56.247724,1765286096.247724,s,45.786011,s,72.0,°C
2025-12-09,14:14:56.497944,1765286096.497944,s,46.036231,s,72.0,°C
2025-12-09,14:14:56.747990,1765286096.74799,s,46.286277,s,72.0,°C
2025-12-09,14:14:56.998419,1765286096.998419,s,46.536706,s,72.0,°C
2025-12-09,14:14:57.248273,1765286097.248273,s,46.78656,s,72.0,°C
2025-12-09,14:14:57.498871,1765286097.498871,s,47.037158,s,72.0,°C
2025-12-09,14:14:57.748778,1765286097.748778,s,47.287065,s,72.0,°C
2025-12-09,14:14:57.999332,1765286097.999332,s,47.537619,s,72.0,°C
2025-12-09,14:14:58.249214,1765286098.249214,s,47.787501,s,72.0,°C
2025-12-09,14:14:58.499805,1765286098.499805,s,48.038092,s,72.0,°C
2025-12-09,14:14:58.749749,1765286098.749749,s,48.288036,s,72.0,°C
2025-12-09,14:14:59.000261,1765286099.000261,s,48.538548,s,72.0,°C
2025-12-09,14:14:59.250207,1765286099.250207,s,48.788494,s,72.0,°C
2025-12-09,14:14:59.500697,1765286099.500697,s,49.038984,s,72.0,°C
2025-12-09,14:14:59.750702,1765286099.750702,s,49.288989,s,72.0,°C
2025-12-09,14:15:00.000974,1765286100.000974,s,49.539261,s,72.0,°C
2025-12-09,14:15:00.250993,1765286100.250993,s,49.78928,s,72.0,°C
2025-12-09,14:15:00.501342,1765286100.501342,s,50.039629,s,72.0,°C
2025-12-09,14:15:00.751411,1765286100.751411,s,50.289698,s,72.0,°C
2025-12-09,14:15:01.001747,1765286101.001747,s,50.540034,s,72.0,°C
2025-12-09,14:15:01.251775,1765286101.251775,s,50.790062,s,72.0,°C
2025-12-09,14:15:01.502086,1765286101.502086,s,51.040373,s,72.0,°C
2025-12-09,14:15:01.752269,1765286101.752269,s,51.290556,s,72.0,°C
2025-12-09,14:15:02.002422,1765286102.002422,s,51.540709,s,72.0,°C
2025-12-09,14:15:02.252710,1765286102.25271,s,51.790997,s,72.0,°C
2025-12-09,14:15:02.502787,1765286102.502787,s,52.041074,s,72.0,°C
2025-12-09,14:15:02.753175,1765286102.753175,s,52.291462,s,72.0,°C
2025-12-09,14:15:03.003122,1765286103.003122,s,52.541409,s,72.0,°C
2025-12-09,14:15:03.253707,1765286103.253707,s,52.791994,s,72.0,°C
2025-12-09,14:15:03.503487,1765286103.503487,s,53.041774,s,72.0,°C
2025-12-09,14:15:03.754092,1765286103.754092,s,53.292379,s,72.0,°C
2025-12-09,14:15:04.003894,1765286104.003894,s,53.542181,s,72.0,°C
2025-12-09,14:15:04.254406,1765286104.254406,s,53.792693,s,72.0,°C
2025-12-09,14:15:04.504275,1765286104.504275,s,54.042562,s,72.0,°C
2025-12-09,14:15:04.754925,1765286104.754925,s,54.293212,s,72.0,°C
2025-12-09,14:15:05.004524,1765286105.004524,s,54.542811,s,72.0,°C
2025-12-09,14:15:05.255438,1765286105.255438,s,54.793725,s,72.0,°C
2025-12-09,14:15:05.504849,1765286105.504849,s,55.043136,s,72.0,°C
2025-12-09,14:15:05.755745,1765286105.755745,s,55.294032,s,72.0,°C
2025-12-09,14:15:06.005090,1765286106.00509,s,55.543377,s,72.0,°C
2025-12-09,14:15:06.256115,1765286106.256115,s,55.794402,s,72.0,°C
2025-12-09,14:15:06.505641,1765286106.505641,s,56.043928,s,72.0,°C
2025-12-09,14:15:06.756582,1765286106.756582,s,56.294869,s,72.0,°C
2025-12-09,14:15:07.006200,1765286107.0062,s,56.544487,s,72.0,°C
2025-12-09,14:15:07.257008,1765286107.257008,s,56.795295,s,72.0,°C
2025-12-09,14:15:07.506717,1765286107.506717,s,57.045004,s,72.0,°C
2025-12-09,14:15:07.757446,1765286107.757446,s,57.295733,s,72.0,°C
2025-12-09,14:15:08.007239,1765286108.007239,s,57.545526,s,72.0,°C
2025-12-09,14:15:08.257774,1765286108.257774,s,57.796061,s,72.0,°C
2025-12-09,14:15:08.507531,1765286108.507531,s,58.045818,s,72.0,°C
2025-12-09,14:15:08.758120,1765286108.75812,s,58.296407,s,72.0,°C
2025-12-09,14:15:09.008073,1765286109.008073,s,58.54636,s,72.0,°C
2025-12-09,14:15:09.258411,1765286109.258411,s,58.796698,s,72.0,°C
2025-12-09,14:15:09.508584,1765286109.508584,s,59.046871,s,72.0,°C
2025-12-09,14:15:09.758747,1765286109.758747,s,59.297034,s,72.0,°C
2025-12-09,14:15:10.009036,1765286110.009036,s,59.547323,s,72.0,°C
2025-12-09,14:15:10.259090,1765286110.25909,s,59.797377,s,72.0,°C
2025-12-09,14:15:10.509495,1765286110.509495,s,60.047782,s,72.0,°C
2025-12-09,14:15:10.759416,1765286110.759416,s,60.297703,s,72.0,°C
2025-12-09,14:15:11.009945,1765286111.009945,s,60.548232,s,72.0,°C
2025-12-09,14:15:11.259766,1765286111.259766,s,60.798053,s,72.0,°C
2025-12-09,14:15:11.510470,1765286111.51047,s,61.048757,s,72.0,°C
2025-12-09,14:15:11.760103,1765286111.760103,s,61.29839,s,72.0,°C
2025-12-09,14:15:12.010733,1765286112.010733,s,61.54902,s,73.0,°C
2025-12-09,14:15:12.260402,1765286112.260402,s,61.798689,s,73.0,°C
2025-12-09,14:15:12.511251,1765286112.511251,s,62.049538,s,73.0,°C
2025-12-09,14:15:12.760917,1765286112.760917,s,62.299204,s,73.0,°C
2025-12-09,14:15:13.011533,1765286113.011533,s,62.54982,s,73.0,°C
2025-12-09,14:15:13.261264,1765286113.261264,s,62.799551,s,73.0,°C
2025-12-09,14:15:13.511886,1765286113.511886,s,63.050173,s,73.0,°C
2025-12-09,14:15:13.761516,1765286113.761516,s,63.299803,s,72.0,°C
2025-12-09,14:15:14.012317,1765286114.012317,s,63.550604,s,72.0,°C
2025-12-09,14:15:14.262047,1765286114.262047,s,63.800334,s,72.0,°C
2025-12-09,14:15:14.512744,1765286114.512744,s,64.051031,s,72.0,°C
2025-12-09,14:15:14.762616,1765286114.762616,s,64.300903,s,73.0,°C
2025-12-09,14:15:15.013158,1765286115.013158,s,64.551445,s,73.0,°C
2025-12-09,14:15:15.263033,1765286115.263033,s,64.80132,s,73.0,°C
2025-12-09,14:15:15.513594,1765286115.513594,s,65.051881,s,72.0,°C
2025-12-09,14:15:15.763455,1765286115.763455,s,65.301742,s,72.0,°C
2025-12-09,14:15:16.013915,1765286116.013915,s,65.552202,s,72.0,°C
2025-12-09,14:15:16.263917,1765286116.263917,s,65.802204,s,72.0,°C
2025-12-09,14:15:16.514198,1765286116.514198,s,66.052485,s,72.0,°C
2025-12-09,14:15:16.764390,1765286116.76439,s,66.302677,s,72.0,°C
2025-12-09,14:15:17.014481,1765286117.014481,s,66.552768,s,72.0,°C
2025-12-09,14:15:17.264880,1765286117.26488,s,66.803167,s,73.0,°C
2025-12-09,14:15:17.514723,1765286117.514723,s,67.05301,s,73.0,°C
2025-12-09,14:15:17.765355,1765286117.765355,s,67.303642,s,72.0,°C
2025-12-09,14:15:18.015050,1765286118.01505,s,67.553337,s,72.0,°C
2025-12-09,14:15:18.265876,1765286118.265876,s,67.804163,s,72.0,°C
2025-12-09,14:15:18.515378,1765286118.515378,s,68.053665,s,72.0,°C
2025-12-09,14:15:18.766322,1765286118.766322,s,68.304609,s,72.0,°C
2025-12-09,14:15:19.015693,1765286119.015693,s,68.55398,s,72.0,°C
2025-12-09,14:15:19.266553,1765286119.266553,s,68.80484,s,72.0,°C
2025-12-09,14:15:19.516003,1765286119.516003,s,69.05429,s,72.0,°C
2025-12-09,14:15:19.767068,1765286119.767068,s,69.305355,s,72.0,°C
2025-12-09,14:15:20.016447,1765286120.016447,s,69.554734,s,72.0,°C
2025-12-09,14:15:20.267589,1765286120.267589,s,69.805876,s,72.0,°C
2025-12-09,14:15:20.516864,1765286120.516864,s,70.055151,s,72.0,°C
2025-12-09,14:15:20.768073,1765286120.768073,s,70.30636,s,72.0,°C
2025-12-09,14:15:21.017323,1765286121.017323,s,70.55561,s,72.0,°C
2025-12-09,14:15:21.268488,1765286121.268488,s,70.806775,s,72.0,°C
2025-12-09,14:15:21.517786,1765286121.517786,s,71.056073,s,72.0,°C
2025-12-09,14:15:21.768893,1765286121.768893,s,71.30718,s,72.0,°C
2025-12-09,14:15:22.018225,1765286122.018225,s,71.556512,s,72.0,°C
2025-12-09,14:15:22.269335,1765286122.269335,s,71.807622,s,72.0,°C
2025-12-09,14:15:22.518762,1765286122.518762,s,72.057049,s,73.0,°C
2025-12-09,14:15:22.769769,1765286122.769769,s,72.308056,s,73.0,°C
2025-12-09,14:15:23.019237,1765286123.019237,s,72.557524,s,72.0,°C
2025-12-09,14:15:23.270190,1765286123.27019,s,72.808477,s,72.0,°C
2025-12-09,14:15:23.519713,1765286123.519713,s,73.058,s,72.0,°C
2025-12-09,14:15:23.770450,1765286123.77045,s,73.308737,s,72.0,°C
2025-12-09,14:15:24.020091,1765286124.020091,s,73.558378,s,72.0,°C
2025-12-09,14:15:24.270779,1765286124.270779,s,73.809066,s,72.0,°C
2025-12-09,14:15:24.520411,1765286124.520411,s,74.058698,s,72.0,°C
2025-12-09,14:15:24.771124,1765286124.771124,s,74.309411,s,72.0,°C
2025-12-09,14:15:25.020747,1765286125.020747,s,74.559034,s,72.0,°C
2025-12-09,14:15:25.271401,1765286125.271401,s,74.809688,s,72.0,°C
2025-12-09,14:15:25.521099,1765286125.521099,s,75.059386,s,72.0,°C
2025-12-09,14:15:25.771734,1765286125.771734,s,75.310021,s,72.0,°C
2025-12-09,14:15:26.021409,1765286126.021409,s,75.559696,s,72.0,°C
2025-12-09,14:15:26.272077,1765286126.272077,s,75.810364,s,72.0,°C
2025-12-09,14:15:26.521660,1765286126.52166,s,76.059947,s,72.0,°C
2025-12-09,14:15:26.772401,1765286126.772401,s,76.310688,s,72.0,°C
2025-12-09,14:15:27.021976,1765286127.021976,s,76.560263,s,72.0,°C
2025-12-09,14:15:27.272735,1765286127.272735,s,76.811022,s,72.0,°C
2025-12-09,14:15:27.522338,1765286127.522338,s,77.060625,s,72.0,°C
2025-12-09,14:15:27.773054,1765286127.773054,s,77.311341,s,72.0,°C
2025-12-09,14:15:28.022832,1765286128.022832,s,77.561119,s,72.0,°C
2025-12-09,14:15:28.273501,1765286128.273501,s,77.811788,s,73.0,°C
2025-12-09,14:15:28.523308,1765286128.523308,s,78.061595,s,73.0,°C
2025-12-09,14:15:28.773966,1765286128.773966,s,78.312253,s,72.0,°C
2025-12-09,14:15:29.023822,1765286129.023822,s,78.562109,s,72.0,°C
2025-12-09,14:15:29.274352,1765286129.274352,s,78.812639,s,72.0,°C
2025-12-09,14:15:29.524248,1765286129.524248,s,79.062535,s,72.0,°C
2025-12-09,14:15:29.774804,1765286129.774804,s,79.313091,s,72.0,°C
2025-12-09,14:15:30.024674,1765286130.024674,s,79.562961,s,73.0,°C
2025-12-09,14:15:30.275161,1765286130.275161,s,79.813448,s,73.0,°C
2025-12-09,14:15:30.525089,1765286130.525089,s,80.063376,s,72.0,°C
2025-12-09,14:15:30.775429,1765286130.775429,s,80.313716,s,72.0,°C
2025-12-09,14:15:31.025526,1765286131.025526,s,80.563813,s,72.0,°C
2025-12-09,14:15:31.275876,1765286131.275876,s,80.814163,s,72.0,°C
2025-12-09,14:15:31.525955,1765286131.525955,s,81.064242,s,72.0,°C
2025-12-09,14:15:31.776407,1765286131.776407,s,81.314694,s,72.0,°C
2025-12-09,14:15:32.026292,1765286132.026292,s,81.564579,s,72.0,°C
2025-12-09,14:15:32.276842,1765286132.276842,s,81.815129,s,72.0,°C
2025-12-09,14:15:32.526531,1765286132.526531,s,82.064818,s,72.0,°C
2025-12-09,14:15:32.777321,1765286132.777321,s,82.315608,s,72.0,°C
2025-12-09,14:15:33.026858,1765286133.026858,s,82.565145,s,72.0,°C
2025-12-09,14:15:33.277881,1765286133.277881,s,82.816168,s,72.0,°C
2025-12-09,14:15:33.527241,1765286133.527241,s,83.065528,s,73.0,°C
2025-12-09,14:15:33.778372,1765286133.778372,s,83.316659,s,73.0,°C
2025-12-09,14:15:34.027505,1765286134.027505,s,83.565792,s,72.0,°C
2025-12-09,14:15:34.278927,1765286134.278927,s,83.817214,s,72.0,°C
2025-12-09,14:15:34.527843,1765286134.527843,s,84.06613,s,72.0,°C
2025-12-09,14:15:34.779309,1765286134.779309,s,84.317596,s,72.0,°C
2025-12-09,14:15:35.028197,1765286135.028197,s,84.566484,s,72.0,°C
2025-12-09,14:15:35.279891,1765286135.279891,s,84.818178,s,72.0,°C
2025-12-09,14:15:35.528583,1765286135.528583,s,85.06687,s,72.0,°C
2025-12-09,14:15:35.780294,1765286135.780294,s,85.318581,s,72.0,°C
2025-12-09,14:15:36.028836,1765286136.028836,s,85.567123,s,72.0,°C
2025-12-09,14:15:36.280560,1765286136.28056,s,85.818847,s,72.0,°C
2025-12-09,14:15:36.529215,1765286136.529215,s,86.067502,s,72.0,°C
2025-12-09,14:15:36.781073,1765286136.781073,s,86.31936,s,72.0,°C
2025-12-09,14:15:37.029709,1765286137.029709,s,86.567996,s,72.0,°C
2025-12-09,14:15:37.281525,1765286137.281525,s,86.819812,s,72.0,°C
2025-12-09,14:15:37.530058,1765286137.530058,s,87.068345,s,72.0,°C
2025-12-09,14:15:37.781965,1765286137.781965,s,87.320252,s,72.0,°C
2025-12-09,14:15:38.030502,1765286138.030502,s,87.568789,s,72.0,°C
2025-12-09,14:15:38.282397,1765286138.282397,s,87.820684,s,72.0,°C
2025-12-09,14:15:38.530858,1765286138.530858,s,88.069145,s,72.0,°C
2025-12-09,14:15:38.782801,1765286138.782801,s,88.321088,s,72.0,°C
2025-12-09,14:15:39.031295,1765286139.031295,s,88.569582,s,72.0,°C
2025-12-09,14:15:39.283204,1765286139.283204,s,88.821491,s,72.0,°C
2025-12-09,14:15:39.531793,1765286139.531793,s,89.07008,s,72.0,°C
2025-12-09,14:15:39.783406,1765286139.783406,s,89.321693,s,72.0,°C
2025-12-09,14:15:40.032100,1765286140.0321,s,89.570387,s,72.0,°C
2025-12-09,14:15:40.283710,1765286140.28371,s,89.821997,s,72.0,°C
2025-12-09,14:15:40.532583,1765286140.532583,s,90.07087,s,72.0,°C
2025-12-09,14:15:40.784024,1765286140.784024,s,90.322311,s,72.0,°C
2025-12-09,14:15:41.032980,1765286141.03298,s,90.571267,s,72.0,°C
2025-12-09,14:15:41.284355,1765286141.284355,s,90.822642,s,72.0,°C
2025-12-09,14:15:41.533400,1765286141.5334,s,91.071687,s,72.0,°C
2025-12-09,14:15:41.784581,1765286141.784581,s,91.322868,s,72.0,°C
2025-12-09,14:15:42.033833,1765286142.033833,s,91.57212,s,72.0,°C
2025-12-09,14:15:42.284895,1765286142.284895,s,91.823182,s,72.0,°C
2025-12-09,14:15:42.534357,1765286142.534357,s,92.072644,s,72.0,°C
2025-12-09,14:15:42.785247,1765286142.785247,s,92.323534,s,72.0,°C
2025-12-09,14:15:43.034863,1765286143.034863,s,92.57315,s,72.0,°C
2025-12-09,14:15:43.285487,1765286143.285487,s,92.823774,s,72.0,°C
2025-12-09,14:15:43.535396,1765286143.535396,s,93.073683,s,72.0,°C
2025-12-09,14:15:43.785723,1765286143.785723,s,93.32401,s,72.0,°C
2025-12-09,14:15:44.035896,1765286144.035896,s,93.574183,s,72.0,°C
2025-12-09,14:15:44.285975,1765286144.285975,s,93.824262,s,72.0,°C
2025-12-09,14:15:44.536346,1765286144.536346,s,94.074633,s,72.0,°C
2025-12-09,14:15:44.786474,1765286144.786474,s,94.324761,s,72.0,°C
2025-12-09,14:15:45.036830,1765286145.03683,s,94.575117,s,72.0,°C
2025-12-09,14:15:45.286867,1765286145.286867,s,94.825154,s,72.0,°C
2025-12-09,14:15:45.537230,1765286145.53723,s,95.075517,s,72.0,°C
2025-12-09,14:15:45.787317,1765286145.787317,s,95.325604,s,72.0,°C
2025-12-09,14:15:46.037590,1765286146.03759,s,95.575877,s,72.0,°C
2025-12-09,14:15:46.287766,1765286146.287766,s,95.826053,s,72.0,°C
2025-12-09,14:15:46.537968,1765286146.537968,s,96.076255,s,72.0,°C
2025-12-09,14:15:46.788264,1765286146.788264,s,96.326551,s,72.0,°C
2025-12-09,14:15:47.038363,1765286147.038363,s,96.57665,s,72.0,°C
2025-12-09,14:15:47.288795,1765286147.288795,s,96.827082,s,72.0,°C
2025-12-09,14:15:47.538619,1765286147.538619,s,97.076906,s,72.0,°C
2025-12-09,14:15:47.789312,1765286147.789312,s,97.327599,s,72.0,°C
2025-12-09,14:15:48.038854,1765286148.038854,s,97.577141,s,72.0,°C
2025-12-09,14:15:48.289780,1765286148.28978,s,97.828067,s,72.0,°C
2025-12-09,14:15:48.539261,1765286148.539261,s,98.077548,s,72.0,°C
2025-12-09,14:15:48.790272,1765286148.790272,s,98.328559,s,72.0,°C
2025-12-09,14:15:49.039586,1765286149.039586,s,98.577873,s,72.0,°C
2025-12-09,14:15:49.290805,1765286149.290805,s,98.829092,s,72.0,°C
2025-12-09,14:15:49.540037,1765286149.540037,s,99.078324,s,72.0,°C
2025-12-09,14:15:49.791306,1765286149.791306,s,99.329593,s,72.0,°C
2025-12-09,14:15:50.040546,1765286150.040546,s,99.578833,s,72.0,°C
2025-12-09,14:15:50.291780,1765286150.29178,s,99.830067,s,72.0,°C
2025-12-09,14:15:50.540848,1765286150.540848,s,100.079135,s,72.0,°C
2025-12-09,14:15:50.792386,1765286150.792386,s,100.330673,s,72.0,°C
2025-12-09,14:15:51.041224,1765286151.041224,s,100.579511,s,72.0,°C
2025-12-09,14:15:51.292642,1765286151.292642,s,100.830929,s,72.0,°C
2025-12-09,14:15:51.541452,1765286151.541452,s,101.079739,s,72.0,°C
2025-12-09,14:15:51.792982,1765286151.792982,s,101.331269,s,72.0,°C
2025-12-09,14:15:52.041954,1765286152.041954,s,101.580241,s,72.0,°C
2025-12-09,14:15:52.293446,1765286152.293446,s,101.831733,s,72.0,°C
2025-12-09,14:15:52.542606,1765286152.542606,s,102.080893,s,72.0,°C
2025-12-09,14:15:52.793907,1765286152.793907,s,102.332194,s,72.0,°C
2025-12-09,14:15:53.043106,1765286153.043106,s,102.581393,s,72.0,°C
2025-12-09,14:15:53.294313,1765286153.294313,s,102.8326,s,72.0,°C
2025-12-09,14:15:53.543445,1765286153.543445,s,103.081732,s,72.0,°C
2025-12-09,14:15:53.794702,1765286153.794702,s,103.332989,s,72.0,°C
2025-12-09,14:15:54.043983,1765286154.043983,s,103.58227,s,72.0,°C
2025-12-09,14:15:54.295020,1765286154.29502,s,103.833307,s,72.0,°C
2025-12-09,14:15:54.544426,1765286154.544426,s,104.082713,s,72.0,°C
2025-12-09,14:15:54.795414,1765286154.795414,s,104.333701,s,72.0,°C
2025-12-09,14:15:55.044858,1765286155.044858,s,104.583145,s,72.0,°C
2025-12-09,14:15:55.295728,1765286155.295728,s,104.834015,s,72.0,°C
2025-12-09,14:15:55.545270,1765286155.54527,s,105.083557,s,72.0,°C
2025-12-09,14:15:55.796055,1765286155.796055,s,105.334342,s,72.0,°C
2025-12-09,14:15:56.045735,1765286156.045735,s,105.584022,s,72.0,°C
2025-12-09,14:15:56.296375,1765286156.296375,s,105.834662,s,72.0,°C
2025-12-09,14:15:56.546216,1765286156.546216,s,106.084503,s,72.0,°C
2025-12-09,14:15:56.796643,1765286156.796643,s,106.33493,s,72.0,°C
2025-12-09,14:15:57.046703,1765286157.046703,s,106.58499,s,72.0,°C
2025-12-09,14:15:57.296876,1765286157.296876,s,106.835163,s,72.0,°C
2025-12-09,14:15:57.547220,1765286157.54722,s,107.085507,s,72.0,°C
2025-12-09,14:15:57.797296,1765286157.797296,s,107.335583,s,72.0,°C
2025-12-09,14:15:58.047757,1765286158.047757,s,107.586044,s,72.0,°C
2025-12-09,14:15:58.297566,1765286158.297566,s,107.835853,s,72.0,°C
2025-12-09,14:15:58.548224,1765286158.548224,s,108.086511,s,72.0,°C
2025-12-09,14:15:58.797897,1765286158.797897,s,108.336184,s,72.0,°C
2025-12-09,14:15:59.048712,1765286159.048712,s,108.586999,s,72.0,°C
2025-12-09,14:15:59.298391,1765286159.298391,s,108.836678,s,72.0,°C
2025-12-09,14:15:59.549273,1765286159.549273,s,109.08756,s,72.0,°C
2025-12-09,14:15:59.798634,1765286159.798634,s,109.336921,s,72.0,°C
2025-12-09,14:16:00.049660,1765286160.04966,s,109.587947,s,72.0,°C
2025-12-09,14:16:00.299098,1765286160.299098,s,109.837385,s,72.0,°C
2025-12-09,14:16:00.550001,1765286160.550001,s,110.088288,s,72.0,°C
2025-12-09,14:16:00.799429,1765286160.799429,s,110.337716,s,72.0,°C
2025-12-09,14:16:01.050353,1765286161.050353,s,110.58864,s,72.0,°C
2025-12-09,14:16:01.299782,1765286161.299782,s,110.838069,s,72.0,°C
2025-12-09,14:16:01.550703,1765286161.550703,s,111.08899,s,72.0,°C
2025-12-09,14:16:01.800360,1765286161.80036,s,111.338647,s,72.0,°C
2025-12-09,14:16:02.051061,1765286162.051061,s,111.589348,s,72.0,°C
2025-12-09,14:16:02.300825,1765286162.300825,s,111.839112,s,72.0,°C
2025-12-09,14:16:02.551411,1765286162.551411,s,112.089698,s,72.0,°C
2025-12-09,14:16:02.801394,1765286162.801394,s,112.339681,s,72.0,°C
2025-12-09,14:16:03.051696,1765286163.051696,s,112.589983,s,72.0,°C
2025-12-09,14:16:03.301883,1765286163.301883,s,112.84017,s,72.0,°C
2025-12-09,14:16:03.552008,1765286163.552008,s,113.090295,s,72.0,°C
2025-12-09,14:16:03.802183,1765286163.802183,s,113.34047,s,72.0,°C
2025-12-09,14:16:04.052388,1765286164.052388,s,113.590675,s,72.0,°C
2025-12-09,14:16:04.302485,1765286164.302485,s,113.840772,s,72.0,°C
2025-12-09,14:16:04.552703,1765286164.552703,s,114.09099,s,72.0,°C
2025-12-09,14:16:04.802974,1765286164.802974,s,114.341261,s,72.0,°C
2025-12-09,14:16:05.053114,1765286165.053114,s,114.591401,s,72.0,°C
2025-12-09,14:16:05.303369,1765286165.303369,s,114.841656,s,72.0,°C
2025-12-09,14:16:05.553513,1765286165.553513,s,115.0918,s,72.0,°C
2025-12-09,14:16:05.803851,1765286165.803851,s,115.342138,s,72.0,°C
2025-12-09,14:16:06.053809,1765286166.053809,s,115.592096,s,72.0,°C
2025-12-09,14:16:06.304353,1765286166.304353,s,115.84264,s,72.0,°C
2025-12-09,14:16:06.554048,1765286166.554048,s,116.092335,s,72.0,°C
2025-12-09,14:16:06.804853,1765286166.804853,s,116.34314,s,72.0,°C
2025-12-09,14:16:07.054841,1765286167.054841,s,116.593128,s,72.0,°C
2025-12-09,14:16:07.305300,1765286167.3053,s,116.843587,s,72.0,°C
2025-12-09,14:16:07.555380,1765286167.55538,s,117.093667,s,72.0,°C
2025-12-09,14:16:07.805774,1765286167.805774,s,117.344061,s,72.0,°C
2025-12-09,14:16:08.055836,1765286168.055836,s,117.594123,s,72.0,°C
2025-12-09,14:16:08.306045,1765286168.306045,s,117.844332,s,72.0,°C
2025-12-09,14:16:08.556263,1765286168.556263,s,118.09455,s,72.0,°C
2025-12-09,14:16:08.806500,1765286168.8065,s,118.344787,s,72.0,°C
2025-12-09,14:16:09.056784,1765286169.056784,s,118.595071,s,72.0,°C
2025-12-09,14:16:09.306837,1765286169.306837,s,118.845124,s,72.0,°C
2025-12-09,14:16:09.557274,1765286169.557274,s,119.095561,s,72.0,°C
2025-12-09,14:16:09.807315,1765286169.807315,s,119.345602,s,72.0,°C
2025-12-09,14:16:10.057759,1765286170.057759,s,119.596046,s,72.0,°C
2025-12-09,14:16:10.307736,1765286170.307736,s,119.846023,s,72.0,°C
2025-12-09,14:16:10.558231,1765286170.558231,s,120.096518,s,72.0,°C
2025-12-09,14:16:10.808147,1765286170.808147,s,120.346434,s,72.0,°C
2025-12-09,14:16:11.058665,1765286171.058665,s,120.596952,s,72.0,°C
2025-12-09,14:16:11.308553,1765286171.308553,s,120.84684,s,72.0,°C
2025-12-09,14:16:11.559174,1765286171.559174,s,121.097461,s,72.0,°C
2025-12-09,14:16:11.808970,1765286171.80897,s,121.347257,s,72.0,°C
2025-12-09,14:16:12.059622,1765286172.059622,s,121.597909,s,72.0,°C
2025-12-09,14:16:12.309425,1765286172.309425,s,121.847712,s,72.0,°C
2025-12-09,14:16:12.560051,1765286172.560051,s,122.098338,s,72.0,°C
2025-12-09,14:16:12.809846,1765286172.809846,s,122.348133,s,72.0,°C
2025-12-09,14:16:13.060538,1765286173.060538,s,122.598825,s,72.0,°C
2025-12-09,14:16:13.310172,1765286173.310172,s,122.848459,s,72.0,°C
2025-12-09,14:16:13.560910,1765286173.56091,s,123.099197,s,72.0,°C
2025-12-09,14:16:13.810490,1765286173.81049,s,123.348777,s,72.0,°C
2025-12-09,14:16:14.061275,1765286174.061275,s,123.599562,s,72.0,°C
2025-12-09,14:16:14.310997,1765286174.310997,s,123.849284,s,72.0,°C
2025-12-09,14:16:14.561548,1765286174.561548,s,124.099835,s,72.0,°C
2025-12-09,14:16:14.811524,1765286174.811524,s,124.349811,s,72.0,°C
2025-12-09,14:16:15.062022,1765286175.062022,s,124.600309,s,72.0,°C
2025-12-09,14:16:15.312038,1765286175.312038,s,124.850325,s,72.0,°C
2025-12-09,14:16:15.562294,1765286175.562294,s,125.100581,s,72.0,°C
2025-12-09,14:16:15.812421,1765286175.812421,s,125.350708,s,72.0,°C
2025-12-09,14:16:16.062583,1765286176.062583,s,125.60087,s,72.0,°C
2025-12-09,14:16:16.312929,1765286176.312929,s,125.851216,s,72.0,°C
2025-12-09,14:16:16.562957,1765286176.562957,s,126.101244,s,72.0,°C
2025-12-09,14:16:16.813437,1765286176.813437,s,126.351724,s,72.0,°C
2025-12-09,14:16:17.063403,1765286177.063403,s,126.60169,s,72.0,°C
2025-12-09,14:16:17.313869,1765286177.313869,s,126.852156,s,72.0,°C
2025-12-09,14:16:17.563822,1765286177.563822,s,127.102109,s,72.0,°C
2025-12-09,14:16:17.814302,1765286177.814302,s,127.352589,s,72.0,°C
2025-12-09,14:16:18.064315,1765286178.064315,s,127.602602,s,72.0,°C
2025-12-09,14:16:18.314819,1765286178.314819,s,127.853106,s,72.0,°C
2025-12-09,14:16:18.564635,1765286178.564635,s,128.102922,s,72.0,°C
2025-12-09,14:16:18.815322,1765286178.815322,s,128.353609,s,72.0,°C
2025-12-09,14:16:19.065093,1765286179.065093,s,128.60338,s,72.0,°C
2025-12-09,14:16:19.315754,1765286179.315754,s,128.854041,s,72.0,°C
2025-12-09,14:16:19.565586,1765286179.565586,s,129.103873,s,72.0,°C
2025-12-09,14:16:19.816277,1765286179.816277,s,129.354564,s,72.0,°C
2025-12-09,14:16:20.065901,1765286180.065901,s,129.604188,s,72.0,°C
2025-12-09,14:16:20.316733,1765286180.316733,s,129.85502,s,72.0,°C
2025-12-09,14:16:20.566172,1765286180.566172,s,130.104459,s,72.0,°C
2025-12-09,14:16:20.817176,1765286180.817176,s,130.355463,s,72.0,°C
2025-12-09,14:16:21.066399,1765286181.066399,s,130.604686,s,71.0,°C
2025-12-09,14:16:21.317693,1765286181.317693,s,130.85598,s,71.0,°C
2025-12-09,14:16:21.566598,1765286181.566598,s,131.104885,s,71.0,°C
2025-12-09,14:16:21.818187,1765286181.818187,s,131.356474,s,71.0,°C
2025-12-09,14:16:22.067131,1765286182.067131,s,131.605418,s,71.0,°C
2025-12-09,14:16:22.318509,1765286182.318509,s,131.856796,s,72.0,°C
2025-12-09,14:16:22.567554,1765286182.567554,s,132.105841,s,72.0,°C
2025-12-09,14:16:22.818943,1765286182.818943,s,132.35723,s,72.0,°C
2025-12-09,14:16:23.067906,1765286183.067906,s,132.606193,s,72.0,°C
2025-12-09,14:16:23.319350,1765286183.31935,s,132.857637,s,72.0,°C
2025-12-09,14:16:23.568254,1765286183.568254,s,133.106541,s,72.0,°C
2025-12-09,14:16:23.819738,1765286183.819738,s,133.358025,s,72.0,°C
2025-12-09,14:16:24.068801,1765286184.068801,s,133.607088,s,72.0,°C
2025-12-09,14:16:24.320162,1765286184.320162,s,133.858449,s,72.0,°C
2025-12-09,14:16:24.569241,1765286184.569241,s,134.107528,s,72.0,°C
2025-12-09,14:16:24.820408,1765286184.820408,s,134.358695,s,72.0,°C
2025-12-09,14:16:25.069479,1765286185.069479,s,134.607766,s,72.0,°C
2025-12-09,14:16:25.320623,1765286185.320623,s,134.85891,s,72.0,°C
2025-12-09,14:16:25.570000,1765286185.57,s,135.108287,s,72.0,°C
2025-12-09,14:16:25.820904,1765286185.820904,s,135.359191,s,72.0,°C
2025-12-09,14:16:26.070481,1765286186.070481,s,135.608768,s,72.0,°C
2025-12-09,14:16:26.321217,1765286186.321217,s,135.859504,s,72.0,°C
2025-12-09,14:16:26.571020,1765286186.57102,s,136.109307,s,72.0,°C
2025-12-09,14:16:26.821712,1765286186.821712,s,136.359999,s,72.0,°C
2025-12-09,14:16:27.071501,1765286187.071501,s,136.609788,s,72.0,°C
2025-12-09,14:16:27.322195,1765286187.322195,s,136.860482,s,72.0,°C
2025-12-09,14:16:27.571936,1765286187.571936,s,137.110223,s,72.0,°C
2025-12-09,14:16:27.822570,1765286187.82257,s,137.360857,s,72.0,°C
2025-12-09,14:16:28.072366,1765286188.072366,s,137.610653,s,72.0,°C
2025-12-09,14:16:28.323005,1765286188.323005,s,137.861292,s,72.0,°C
2025-12-09,14:16:28.572838,1765286188.572838,s,138.111125,s,72.0,°C
2025-12-09,14:16:28.823349,1765286188.823349,s,138.361636,s,72.0,°C
2025-12-09,14:16:29.073387,1765286189.073387,s,138.611674,s,72.0,°C
2025-12-09,14:16:29.323816,1765286189.323816,s,138.862103,s,72.0,°C
2025-12-09,14:16:29.573884,1765286189.573884,s,139.112171,s,72.0,°C
2025-12-09,14:16:29.824295,1765286189.824295,s,139.362582,s,72.0,°C
2025-12-09,14:16:30.074391,1765286190.074391,s,139.612678,s,72.0,°C
2025-12-09,14:16:30.324764,1765286190.324764,s,139.863051,s,72.0,°C
2025-12-09,14:16:30.574755,1765286190.574755,s,140.113042,s,71.0,°C
2025-12-09,14:16:30.825281,1765286190.825281,s,140.363568,s,71.0,°C
2025-12-09,14:16:31.075260,1765286191.07526,s,140.613547,s,71.0,°C
2025-12-09,14:16:31.325776,1765286191.325776,s,140.864063,s,71.0,°C
2025-12-09,14:16:31.575750,1765286191.57575,s,141.114037,s,72.0,°C
2025-12-09,14:16:31.826270,1765286191.82627,s,141.364557,s,72.0,°C
2025-12-09,14:16:32.076224,1765286192.076224,s,141.614511,s,72.0,°C
2025-12-09,14:16:32.326729,1765286192.326729,s,141.865016,s,72.0,°C
2025-12-09,14:16:32.576580,1765286192.57658,s,142.114867,s,72.0,°C
2025-12-09,14:16:32.827127,1765286192.827127,s,142.365414,s,72.0,°C
2025-12-09,14:16:33.077026,1765286193.077026,s,142.615313,s,72.0,°C
2025-12-09,14:16:33.327605,1765286193.327605,s,142.865892,s,72.0,°C
2025-12-09,14:16:33.577479,1765286193.577479,s,143.115766,s,72.0,°C
2025-12-09,14:16:33.828071,1765286193.828071,s,143.366358,s,72.0,°C
2025-12-09,14:16:34.077892,1765286194.077892,s,143.616179,s,72.0,°C
2025-12-09,14:16:34.328443,1765286194.328443,s,143.86673,s,72.0,°C
2025-12-09,14:16:34.578345,1765286194.578345,s,144.116632,s,72.0,°C
2025-12-09,14:16:34.828720,1765286194.82872,s,144.367007,s,72.0,°C
2025-12-09,14:16:35.078729,1765286195.078729,s,144.617016,s,72.0,°C
2025-12-09,14:16:35.329233,1765286195.329233,s,144.86752,s,72.0,°C
2025-12-09,14:16:35.579044,1765286195.579044,s,145.117331,s,71.0,°C
2025-12-09,14:16:35.829805,1765286195.829805,s,145.368092,s,71.0,°C
2025-12-09,14:16:36.079417,1765286196.079417,s,145.617704,s,71.0,°C
2025-12-09,14:16:36.330336,1765286196.330336,s,145.868623,s,71.0,°C
2025-12-09,14:16:36.579643,1765286196.579643,s,146.11793,s,71.0,°C
2025-12-09,14:16:36.830837,1765286196.830837,s,146.369124,s,72.0,°C
2025-12-09,14:16:37.079890,1765286197.07989,s,146.618177,s,72.0,°C
2025-12-09,14:16:37.331361,1765286197.331361,s,146.869648,s,72.0,°C
2025-12-09,14:16:37.580264,1765286197.580264,s,147.118551,s,72.0,°C
2025-12-09,14:16:37.831589,1765286197.831589,s,147.369876,s,72.0,°C
2025-12-09,14:16:38.080729,1765286198.080729,s,147.619016,s,72.0,°C
2025-12-09,14:16:38.332086,1765286198.332086,s,147.870373,s,72.0,°C
2025-12-09,14:16:38.581245,1765286198.581245,s,148.119532,s,71.0,°C
2025-12-09,14:16:38.832420,1765286198.83242,s,148.370707,s,71.0,°C
2025-12-09,14:16:39.081757,1765286199.081757,s,148.620044,s,71.0,°C
2025-12-09,14:16:39.332756,1765286199.332756,s,148.871043,s,71.0,°C
2025-12-09,14:16:39.582245,1765286199.582245,s,149.120532,s,71.0,°C
2025-12-09,14:16:39.833162,1765286199.833162,s,149.371449,s,72.0,°C
2025-12-09,14:16:40.082853,1765286200.082853,s,149.62114,s,72.0,°C
2025-12-09,14:16:40.333563,1765286200.333563,s,149.87185,s,72.0,°C
2025-12-09,14:16:40.583385,1765286200.583385,s,150.121672,s,72.0,°C
2025-12-09,14:16:40.833803,1765286200.833803,s,150.37209,s,71.0,°C
2025-12-09,14:16:41.083814,1765286201.083814,s,150.622101,s,71.0,°C
2025-12-09,14:16:41.334086,1765286201.334086,s,150.872373,s,71.0,°C
2025-12-09,14:16:41.584211,1765286201.584211,s,151.122498,s,71.0,°C
2025-12-09,14:16:41.834521,1765286201.834521,s,151.372808,s,71.0,°C
2025-12-09,14:16:42.084487,1765286202.084487,s,151.622774,s,72.0,°C
2025-12-09,14:16:42.334916,1765286202.334916,s,151.873203,s,72.0,°C
2025-12-09,14:16:42.585017,1765286202.585017,s,152.123304,s,72.0,°C
2025-12-09,14:16:42.835332,1765286202.835332,s,152.373619,s,72.0,°C
2025-12-09,14:16:43.085404,1765286203.085404,s,152.623691,s,72.0,°C
2025-12-09,14:16:43.335621,1765286203.335621,s,152.873908,s,72.0,°C
2025-12-09,14:16:43.585856,1765286203.585856,s,153.124143,s,72.0,°C
2025-12-09,14:16:43.836008,1765286203.836008,s,153.374295,s,71.0,°C
2025-12-09,14:16:44.086307,1765286204.086307,s,153.624594,s,71.0,°C
2025-12-09,14:16:44.336335,1765286204.336335,s,153.874622,s,71.0,°C
2025-12-09,14:16:44.586785,1765286204.586785,s,154.125072,s,71.0,°C
2025-12-09,14:16:44.836835,1765286204.836835,s,154.375122,s,71.0,°C
2025-12-09,14:16:45.087169,1765286205.087169,s,154.625456,s,71.0,°C
2025-12-09,14:16:45.337275,1765286205.337275,s,154.875562,s,71.0,°C
2025-12-09,14:16:45.587618,1765286205.587618,s,155.125905,s,71.0,°C
2025-12-09,14:16:45.837818,1765286205.837818,s,155.376105,s,71.0,°C
2025-12-09,14:16:46.087961,1765286206.087961,s,155.626248,s,72.0,°C
2025-12-09,14:16:46.338303,1765286206.338303,s,155.87659,s,72.0,°C
2025-12-09,14:16:46.588370,1765286206.58837,s,156.126657,s,72.0,°C
2025-12-09,14:16:46.838820,1765286206.83882,s,156.377107,s,72.0,°C
2025-12-09,14:16:47.088752,1765286207.088752,s,156.627039,s,72.0,°C
2025-12-09,14:16:47.339312,1765286207.339312,s,156.877599,s,72.0,°C
2025-12-09,14:16:47.589192,1765286207.589192,s,157.127479,s,72.0,°C
2025-12-09,14:16:47.839842,1765286207.839842,s,157.378129,s,71.0,°C
2025-12-09,14:16:48.089659,1765286208.089659,s,157.627946,s,71.0,°C
2025-12-09,14:16:48.340409,1765286208.340409,s,157.878696,s,71.0,°C
2025-12-09,14:16:48.590035,1765286208.590035,s,158.128322,s,71.0,°C
2025-12-09,14:16:48.840896,1765286208.840896,s,158.379183,s,71.0,°C
2025-12-09,14:16:49.090500,1765286209.0905,s,158.628787,s,71.0,°C
2025-12-09,14:16:49.341421,1765286209.341421,s,158.879708,s,71.0,°C
2025-12-09,14:16:49.590953,1765286209.590953,s,159.12924,s,72.0,°C
2025-12-09,14:16:49.841886,1765286209.841886,s,159.380173,s,72.0,°C
2025-12-09,14:16:50.091469,1765286210.091469,s,159.629756,s,72.0,°C
2025-12-09,14:16:50.342279,1765286210.342279,s,159.880566,s,72.0,°C
2025-12-09,14:16:50.591830,1765286210.59183,s,160.130117,s,72.0,°C
2025-12-09,14:16:50.842780,1765286210.84278,s,160.381067,s,72.0,°C
2025-12-09,14:16:51.092272,1765286211.092272,s,160.630559,s,72.0,°C
2025-12-09,14:16:51.343037,1765286211.343037,s,160.881324,s,72.0,°C
2025-12-09,14:16:51.592566,1765286211.592566,s,161.130853,s,72.0,°C
2025-12-09,14:16:51.843426,1765286211.843426,s,161.381713,s,72.0,°C
2025-12-09,14:16:52.092836,1765286212.092836,s,161.631123,s,72.0,°C
2025-12-09,14:16:52.343663,1765286212.343663,s,161.88195,s,71.0,°C
2025-12-09,14:16:52.593434,1765286212.593434,s,162.131721,s,71.0,°C
2025-12-09,14:16:52.844044,1765286212.844044,s,162.382331,s,71.0,°C
2025-12-09,14:16:53.093829,1765286213.093829,s,162.632116,s,71.0,°C
2025-12-09,14:16:53.344288,1765286213.344288,s,162.882575,s,71.0,°C
2025-12-09,14:16:53.594306,1765286213.594306,s,163.132593,s,72.0,°C
2025-12-09,14:16:53.844801,1765286213.844801,s,163.383088,s,72.0,°C
2025-12-09,14:16:54.094551,1765286214.094551,s,163.632838,s,71.0,°C
2025-12-09,14:16:54.345064,1765286214.345064,s,163.883351,s,71.0,°C
2025-12-09,14:16:54.595043,1765286214.595043,s,164.13333,s,71.0,°C
2025-12-09,14:16:54.845546,1765286214.845546,s,164.383833,s,71.0,°C
2025-12-09,14:16:55.095496,1765286215.095496,s,164.633783,s,71.0,°C
2025-12-09,14:16:55.345976,1765286215.345976,s,164.884263,s,71.0,°C
2025-12-09,14:16:55.595880,1765286215.59588,s,165.134167,s,71.0,°C
2025-12-09,14:16:55.846273,1765286215.846273,s,165.38456,s,71.0,°C
2025-12-09,14:16:56.096330,1765286216.09633,s,165.634617,s,71.0,°C
2025-12-09,14:16:56.346772,1765286216.346772,s,165.885059,s,71.0,°C
2025-12-09,14:16:56.596885,1765286216.596885,s,166.135172,s,71.0,°C
2025-12-09,14:16:56.847267,1765286216.847267,s,166.385554,s,71.0,°C
2025-12-09,14:16:57.097378,1765286217.097378,s,166.635665,s,71.0,°C
2025-12-09,14:16:57.347577,1765286217.347577,s,166.885864,s,71.0,°C
2025-12-09,14:16:57.597869,1765286217.597869,s,167.136156,s,71.0,°C
2025-12-09,14:16:57.847968,1765286217.847968,s,167.386255,s,71.0,°C
2025-12-09,14:16:58.098296,1765286218.098296,s,167.636583,s,71.0,°C
2025-12-09,14:16:58.348356,1765286218.348356,s,167.886643,s,71.0,°C
2025-12-09,14:16:58.598745,1765286218.598745,s,168.137032,s,71.0,°C
2025-12-09,14:16:58.848580,1765286218.84858,s,168.386867,s,71.0,°C
2025-12-09,14:16:59.099143,1765286219.099143,s,168.63743,s,71.0,°C
2025-12-09,14:16:59.349048,1765286219.349048,s,168.887335,s,71.0,°C
2025-12-09,14:16:59.599670,1765286219.59967,s,169.137957,s,71.0,°C
2025-12-09,14:16:59.849618,1765286219.849618,s,169.387905,s,72.0,°C
2025-12-09,14:17:00.100115,1765286220.100115,s,169.638402,s,72.0,°C
2025-12-09,14:17:00.350044,1765286220.350044,s,169.888331,s,72.0,°C
2025-12-09,14:17:00.600320,1765286220.60032,s,170.138607,s,72.0,°C
2025-12-09,14:17:00.850495,1765286220.850495,s,170.388782,s,72.0,°C
2025-12-09,14:17:01.100547,1765286221.100547,s,170.638834,s,71.0,°C
2025-12-09,14:17:01.350943,1765286221.350943,s,170.88923,s,71.0,°C
2025-12-09,14:17:01.600909,1765286221.600909,s,171.139196,s,71.0,°C
2025-12-09,14:17:01.851315,1765286221.851315,s,171.389602,s,71.0,°C
2025-12-09,14:17:02.101295,1765286222.101295,s,171.639582,s,71.0,°C
2025-12-09,14:17:02.351797,1765286222.351797,s,171.890084,s,71.0,°C
2025-12-09,14:17:02.601581,1765286222.601581,s,172.139868,s,71.0,°C
2025-12-09,14:17:02.852272,1765286222.852272,s,172.390559,s,71.0,°C
2025-12-09,14:17:03.101906,1765286223.101906,s,172.640193,s,71.0,°C
2025-12-09,14:17:03.352855,1765286223.352855,s,172.891142,s,71.0,°C
2025-12-09,14:17:03.602247,1765286223.602247,s,173.140534,s,71.0,°C
2025-12-09,14:17:03.853366,1765286223.853366,s,173.391653,s,71.0,°C
2025-12-09,14:17:04.102486,1765286224.102486,s,173.640773,s,71.0,°C
2025-12-09,14:17:04.353624,1765286224.353624,s,173.891911,s,71.0,°C
2025-12-09,14:17:04.602804,1765286224.602804,s,174.141091,s,71.0,°C
2025-12-09,14:17:04.853985,1765286224.853985,s,174.392272,s,71.0,°C
2025-12-09,14:17:05.103124,1765286225.103124,s,174.641411,s,71.0,°C
2025-12-09,14:17:05.354439,1765286225.354439,s,174.892726,s,71.0,°C
2025-12-09,14:17:05.603478,1765286225.603478,s,175.141765,s,71.0,°C
2025-12-09,14:17:05.854941,1765286225.854941,s,175.393228,s,71.0,°C
2025-12-09,14:17:06.104089,1765286226.104089,s,175.642376,s,71.0,°C
2025-12-09,14:17:06.355467,1765286226.355467,s,175.893754,s,71.0,°C
2025-12-09,14:17:06.604561,1765286226.604561,s,176.142848,s,71.0,°C
2025-12-09,14:17:06.855933,1765286226.855933,s,176.39422,s,71.0,°C
2025-12-09,14:17:07.105041,1765286227.105041,s,176.643328,s,71.0,°C
2025-12-09,14:17:07.356206,1765286227.356206,s,176.894493,s,71.0,°C
2025-12-09,14:17:07.605531,1765286227.605531,s,177.143818,s,71.0,°C
2025-12-09,14:17:07.856649,1765286227.856649,s,177.394936,s,71.0,°C
2025-12-09,14:17:08.106047,1765286228.106047,s,177.644334,s,71.0,°C
2025-12-09,14:17:08.356879,1765286228.356879,s,177.895166,s,71.0,°C
2025-12-09,14:17:08.606402,1765286228.606402,s,178.144689,s,71.0,°C
2025-12-09,14:17:08.857352,1765286228.857352,s,178.395639,s,71.0,°C
2025-12-09,14:17:09.106877,1765286229.106877,s,178.645164,s,71.0,°C
2025-12-09,14:17:09.357585,1765286229.357585,s,178.895872,s,71.0,°C
2025-12-09,14:17:09.607115,1765286229.607115,s,179.145402,s,71.0,°C
2025-12-09,14:17:09.858055,1765286229.858055,s,179.396342,s,71.0,°C
2025-12-09,14:17:10.107375,1765286230.107375,s,179.645662,s,71.0,°C
2025-12-09,14:17:10.358367,1765286230.358367,s,179.896654,s,71.0,°C
2025-12-09,14:17:10.607613,1765286230.607613,s,180.1459,s,71.0,°C
2025-12-09,14:17:10.858863,1765286230.858863,s,180.39715,s,71.0,°C
2025-12-09,14:17:11.108121,1765286231.108121,s,180.646408,s,71.0,°C
2025-12-09,14:17:11.359363,1765286231.359363,s,180.89765,s,71.0,°C
2025-12-09,14:17:11.608555,1765286231.608555,s,181.146842,s,71.0,°C
2025-12-09,14:17:11.859919,1765286231.859919,s,181.398206,s,71.0,°C
2025-12-09,14:17:12.109039,1765286232.109039,s,181.647326,s,71.0,°C
2025-12-09,14:17:12.360327,1765286232.360327,s,181.898614,s,71.0,°C
2025-12-09,14:17:12.609527,1765286232.609527,s,182.147814,s,71.0,°C
2025-12-09,14:17:12.860571,1765286232.860571,s,182.398858,s,71.0,°C
2025-12-09,14:17:13.109974,1765286233.109974,s,182.648261,s,71.0,°C
2025-12-09,14:17:13.360846,1765286233.360846,s,182.899133,s,71.0,°C
2025-12-09,14:17:13.610448,1765286233.610448,s,183.148735,s,71.0,°C
2025-12-09,14:17:13.861315,1765286233.861315,s,183.399602,s,71.0,°C
2025-12-09,14:17:14.110877,1765286234.110877,s,183.649164,s,71.0,°C
2025-12-09,14:17:14.361807,1765286234.361807,s,183.900094,s,71.0,°C
2025-12-09,14:17:14.611332,1765286234.611332,s,184.149619,s,71.0,°C
2025-12-09,14:17:14.862374,1765286234.862374,s,184.400661,s,71.0,°C
2025-12-09,14:17:15.111552,1765286235.111552,s,184.649839,s,71.0,°C
2025-12-09,14:17:15.362844,1765286235.362844,s,184.901131,s,71.0,°C
2025-12-09,14:17:15.612012,1765286235.612012,s,185.150299,s,71.0,°C
2025-12-09,14:17:15.863346,1765286235.863346,s,185.401633,s,71.0,°C
2025-12-09,14:17:16.112424,1765286236.112424,s,185.650711,s,71.0,°C
2025-12-09,14:17:16.363883,1765286236.363883,s,185.90217,s,71.0,°C
2025-12-09,14:17:16.612868,1765286236.612868,s,186.151155,s,71.0,°C
2025-12-09,14:17:16.864323,1765286236.864323,s,186.40261,s,71.0,°C
2025-12-09,14:17:17.113301,1765286237.113301,s,186.651588,s,71.0,°C
2025-12-09,14:17:17.364796,1765286237.364796,s,186.903083,s,71.0,°C
2025-12-09,14:17:17.613749,1765286237.613749,s,187.152036,s,71.0,°C
2025-12-09,14:17:17.865258,1765286237.865258,s,187.403545,s,71.0,°C
2025-12-09,14:17:18.114083,1765286238.114083,s,187.65237,s,71.0,°C
2025-12-09,14:17:18.365705,1765286238.365705,s,187.903992,s,71.0,°C
2025-12-09,14:17:18.614544,1765286238.614544,s,188.152831,s,71.0,°C
2025-12-09,14:17:18.866194,1765286238.866194,s,188.404481,s,71.0,°C
2025-12-09,14:17:19.114870,1765286239.11487,s,188.653157,s,71.0,°C
2025-12-09,14:17:19.366675,1765286239.366675,s,188.904962,s,71.0,°C
2025-12-09,14:17:19.615206,1765286239.615206,s,189.153493,s,71.0,°C
2025-12-09,14:17:19.867168,1765286239.867168,s,189.405455,s,71.0,°C
2025-12-09,14:17:20.115468,1765286240.115468,s,189.653755,s,71.0,°C
2025-12-09,14:17:20.367641,1765286240.367641,s,189.905928,s,71.0,°C
2025-12-09,14:17:20.615670,1765286240.61567,s,190.153957,s,71.0,°C
2025-12-09,14:17:20.868158,1765286240.868158,s,190.406445,s,71.0,°C
2025-12-09,14:17:21.116000,1765286241.116,s,190.654287,s,71.0,°C
2025-12-09,14:17:21.368672,1765286241.368672,s,190.906959,s,71.0,°C
2025-12-09,14:17:21.616345,1765286241.616345,s,191.154632,s,71.0,°C
2025-12-09,14:17:21.869160,1765286241.86916,s,191.407447,s,71.0,°C
2025-12-09,14:17:22.116763,1765286242.116763,s,191.65505,s,71.0,°C
2025-12-09,14:17:22.369627,1765286242.369627,s,191.907914,s,71.0,°C
2025-12-09,14:17:22.617304,1765286242.617304,s,192.155591,s,71.0,°C
2025-12-09,14:17:22.870025,1765286242.870025,s,192.408312,s,71.0,°C
2025-12-09,14:17:23.117842,1765286243.117842,s,192.656129,s,71.0,°C
2025-12-09,14:17:23.370362,1765286243.370362,s,192.908649,s,71.0,°C
2025-12-09,14:17:23.618312,1765286243.618312,s,193.156599,s,71.0,°C
2025-12-09,14:17:23.870583,1765286243.870583,s,193.40887,s,71.0,°C
2025-12-09,14:17:24.118584,1765286244.118584,s,193.656871,s,71.0,°C
2025-12-09,14:17:24.370805,1765286244.370805,s,193.909092,s,71.0,°C
2025-12-09,14:17:24.618976,1765286244.618976,s,194.157263,s,71.0,°C
2025-12-09,14:17:24.871036,1765286244.871036,s,194.409323,s,71.0,°C
2025-12-09,14:17:25.119379,1765286245.119379,s,194.657666,s,71.0,°C
2025-12-09,14:17:25.371459,1765286245.371459,s,194.909746,s,71.0,°C
2025-12-09,14:17:25.619625,1765286245.619625,s,195.157912,s,71.0,°C
2025-12-09,14:17:25.871785,1765286245.871785,s,195.410072,s,71.0,°C
2025-12-09,14:17:26.120122,1765286246.120122,s,195.658409,s,71.0,°C
2025-12-09,14:17:26.372230,1765286246.37223,s,195.910517,s,71.0,°C
2025-12-09,14:17:26.620453,1765286246.620453,s,196.15874,s,71.0,°C
2025-12-09,14:17:26.872560,1765286246.87256,s,196.410847,s,71.0,°C
2025-12-09,14:17:27.120912,1765286247.120912,s,196.659199,s,71.0,°C
2025-12-09,14:17:27.372813,1765286247.372813,s,196.9111,s,71.0,°C
2025-12-09,14:17:27.621339,1765286247.621339,s,197.159626,s,71.0,°C
2025-12-09,14:17:27.873080,1765286247.87308,s,197.411367,s,71.0,°C
2025-12-09,14:17:28.121791,1765286248.121791,s,197.660078,s,71.0,°C
2025-12-09,14:17:28.373359,1765286248.373359,s,197.911646,s,71.0,°C
2025-12-09,14:17:28.622298,1765286248.622298,s,198.160585,s,71.0,°C
2025-12-09,14:17:28.873658,1765286248.873658,s,198.411945,s,71.0,°C
2025-12-09,14:17:29.122547,1765286249.122547,s,198.660834,s,71.0,°C
2025-12-09,14:17:29.374019,1765286249.374019,s,198.912306,s,71.0,°C
2025-12-09,14:17:29.623007,1765286249.623007,s,199.161294,s,71.0,°C
2025-12-09,14:17:29.874610,1765286249.87461,s,199.412897,s,71.0,°C
2025-12-09,14:17:30.123467,1765286250.123467,s,199.661754,s,71.0,°C
2025-12-09,14:17:30.375142,1765286250.375142,s,199.913429,s,71.0,°C
2025-12-09,14:17:30.623790,1765286250.62379,s,200.162077,s,71.0,°C
2025-12-09,14:17:30.875791,1765286250.875791,s,200.414078,s,71.0,°C
2025-12-09,14:17:31.124241,1765286251.124241,s,200.662528,s,71.0,°C
2025-12-09,14:17:31.376225,1765286251.376225,s,200.914512,s,71.0,°C
2025-12-09,14:17:31.624506,1765286251.624506,s,201.162793,s,71.0,°C
2025-12-09,14:17:31.876754,1765286251.876754,s,201.415041,s,71.0,°C
2025-12-09,14:17:32.124824,1765286252.124824,s,201.663111,s,70.0,°C
2025-12-09,14:17:32.377235,1765286252.377235,s,201.915522,s,70.0,°C
2025-12-09,14:17:32.625154,1765286252.625154,s,202.163441,s,70.0,°C
2025-12-09,14:17:32.877817,1765286252.877817,s,202.416104,s,70.0,°C
2025-12-09,14:17:33.125395,1765286253.125395,s,202.663682,s,70.0,°C
2025-12-09,14:17:33.378331,1765286253.378331,s,202.916618,s,71.0,°C
2025-12-09,14:17:33.625626,1765286253.625626,s,203.163913,s,71.0,°C
2025-12-09,14:17:33.878758,1765286253.878758,s,203.417045,s,71.0,°C
2025-12-09,14:17:34.125934,1765286254.125934,s,203.664221,s,71.0,°C
2025-12-09,14:17:34.379171,1765286254.379171,s,203.917458,s,71.0,°C
2025-12-09,14:17:34.626181,1765286254.626181,s,204.164468,s,71.0,°C
2025-12-09,14:17:34.879652,1765286254.879652,s,204.417939,s,71.0,°C
2025-12-09,14:17:35.126555,1765286255.126555,s,204.664842,s,71.0,°C
2025-12-09,14:17:35.380229,1765286255.380229,s,204.918516,s,71.0,°C
2025-12-09,14:17:35.626948,1765286255.626948,s,205.165235,s,71.0,°C
2025-12-09,14:17:35.880740,1765286255.88074,s,205.419027,s,71.0,°C
2025-12-09,14:17:36.127308,1765286256.127308,s,205.665595,s,71.0,°C
2025-12-09,14:17:36.381224,1765286256.381224,s,205.919511,s,71.0,°C
2025-12-09,14:17:36.627517,1765286256.627517,s,206.165804,s,71.0,°C
2025-12-09,14:17:36.881624,1765286256.881624,s,206.419911,s,71.0,°C
2025-12-09,14:17:37.128117,1765286257.128117,s,206.666404,s,71.0,°C
2025-12-09,14:17:37.381994,1765286257.381994,s,206.920281,s,71.0,°C
2025-12-09,14:17:37.628641,1765286257.628641,s,207.166928,s,71.0,°C
2025-12-09,14:17:37.882231,1765286257.882231,s,207.420518,s,71.0,°C
2025-12-09,14:17:38.129049,1765286258.129049,s,207.667336,s,71.0,°C
2025-12-09,14:17:38.382484,1765286258.382484,s,207.920771,s,71.0,°C
2025-12-09,14:17:38.629564,1765286258.629564,s,208.167851,s,71.0,°C
2025-12-09,14:17:38.882939,1765286258.882939,s,208.421226,s,71.0,°C
2025-12-09,14:17:39.129996,1765286259.129996,s,208.668283,s,71.0,°C
2025-12-09,14:17:39.383421,1765286259.383421,s,208.921708,s,71.0,°C
2025-12-09,14:17:39.630452,1765286259.630452,s,209.168739,s,71.0,°C
2025-12-09,14:17:39.883749,1765286259.883749,s,209.422036,s,71.0,°C
2025-12-09,14:17:40.130811,1765286260.130811,s,209.669098,s,71.0,°C
2025-12-09,14:17:40.384240,1765286260.38424,s,209.922527,s,71.0,°C
2025-12-09,14:17:40.631256,1765286260.631256,s,210.169543,s,71.0,°C
2025-12-09,14:17:40.884584,1765286260.884584,s,210.422871,s,71.0,°C
2025-12-09,14:17:41.131496,1765286261.131496,s,210.669783,s,71.0,°C
2025-12-09,14:17:41.384937,1765286261.384937,s,210.923224,s,71.0,°C
2025-12-09,14:17:41.631946,1765286261.631946,s,211.170233,s,71.0,°C
2025-12-09,14:17:41.885344,1765286261.885344,s,211.423631,s,71.0,°C
2025-12-09,14:17:42.132314,1765286262.132314,s,211.670601,s,71.0,°C
2025-12-09,14:17:42.385559,1765286262.385559,s,211.923846,s,71.0,°C
2025-12-09,14:17:42.632716,1765286262.632716,s,212.171003,s,71.0,°C
2025-12-09,14:17:42.885993,1765286262.885993,s,212.42428,s,71.0,°C
2025-12-09,14:17:43.133172,1765286263.133172,s,212.671459,s,71.0,°C
2025-12-09,14:17:43.386582,1765286263.386582,s,212.924869,s,71.0,°C
2025-12-09,14:17:43.633524,1765286263.633524,s,213.171811,s,71.0,°C
2025-12-09,14:17:43.887149,1765286263.887149,s,213.425436,s,71.0,°C
2025-12-09,14:17:44.134066,1765286264.134066,s,213.672353,s,71.0,°C
2025-12-09,14:17:44.387706,1765286264.387706,s,213.925993,s,71.0,°C
2025-12-09,14:17:44.634590,1765286264.63459,s,214.172877,s,71.0,°C
2025-12-09,14:17:44.888045,1765286264.888045,s,214.426332,s,71.0,°C
2025-12-09,14:17:45.135056,1765286265.135056,s,214.673343,s,71.0,°C
2025-12-09,14:17:45.388448,1765286265.388448,s,214.926735,s,71.0,°C
2025-12-09,14:17:45.635400,1765286265.6354,s,215.173687,s,71.0,°C
2025-12-09,14:17:45.888969,1765286265.888969,s,215.427256,s,71.0,°C
2025-12-09,14:17:46.135652,1765286266.135652,s,215.673939,s,71.0,°C
2025-12-09,14:17:46.389445,1765286266.389445,s,215.927732,s,71.0,°C
2025-12-09,14:17:46.636075,1765286266.636075,s,216.174362,s,71.0,°C
2025-12-09,14:17:46.889930,1765286266.88993,s,216.428217,s,71.0,°C
2025-12-09,14:17:47.136403,1765286267.136403,s,216.67469,s,71.0,°C
2025-12-09,14:17:47.390444,1765286267.390444,s,216.928731,s,71.0,°C
2025-12-09,14:17:47.636661,1765286267.636661,s,217.174948,s,71.0,°C
2025-12-09,14:17:47.890885,1765286267.890885,s,217.429172,s,71.0,°C
2025-12-09,14:17:48.136999,1765286268.136999,s,217.675286,s,71.0,°C
2025-12-09,14:17:48.391401,1765286268.391401,s,217.929688,s,71.0,°C
2025-12-09,14:17:48.637336,1765286268.637336,s,218.175623,s,71.0,°C
2025-12-09,14:17:48.891916,1765286268.891916,s,218.430203,s,71.0,°C
2025-12-09,14:17:49.137548,1765286269.137548,s,218.675835,s,71.0,°C
2025-12-09,14:17:49.392459,1765286269.392459,s,218.930746,s,71.0,°C
2025-12-09,14:17:49.637909,1765286269.637909,s,219.176196,s,71.0,°C
2025-12-09,14:17:49.892947,1765286269.892947,s,219.431234,s,71.0,°C
2025-12-09,14:17:50.138396,1765286270.138396,s,219.676683,s,71.0,°C
2025-12-09,14:17:50.393417,1765286270.393417,s,219.931704,s,71.0,°C
2025-12-09,14:17:50.638840,1765286270.63884,s,220.177127,s,71.0,°C
2025-12-09,14:17:50.893919,1765286270.893919,s,220.432206,s,71.0,°C
2025-12-09,14:17:51.139276,1765286271.139276,s,220.677563,s,71.0,°C
2025-12-09,14:17:51.394254,1765286271.394254,s,220.932541,s,71.0,°C
2025-12-09,14:17:51.639723,1765286271.639723,s,221.17801,s,71.0,°C
2025-12-09,14:17:51.894613,1765286271.894613,s,221.4329,s,71.0,°C
2025-12-09,14:17:52.140207,1765286272.140207,s,221.678494,s,71.0,°C
2025-12-09,14:17:52.394960,1765286272.39496,s,221.933247,s,71.0,°C
2025-12-09,14:17:52.640567,1765286272.640567,s,222.178854,s,71.0,°C
2025-12-09,14:17:52.895321,1765286272.895321,s,222.433608,s,71.0,°C
2025-12-09,14:17:53.141079,1765286273.141079,s,222.679366,s,71.0,°C
2025-12-09,14:17:53.395702,1765286273.395702,s,222.933989,s,71.0,°C
2025-12-09,14:17:53.641602,1765286273.641602,s,223.179889,s,71.0,°C
2025-12-09,14:17:53.895975,1765286273.895975,s,223.434262,s,71.0,°C
2025-12-09,14:17:54.142193,1765286274.142193,s,223.68048,s,71.0,°C
2025-12-09,14:17:54.400051,1765286274.400051,s,223.938338,s,71.0,°C
2025-12-09,14:17:54.642763,1765286274.642763,s,224.18105,s,71.0,°C
2025-12-09,14:17:54.900385,1765286274.900385,s,224.438672,s,71.0,°C
2025-12-09,14:17:55.143282,1765286275.143282,s,224.681569,s,71.0,°C
2025-12-09,14:17:55.400621,1765286275.400621,s,224.938908,s,71.0,°C
2025-12-09,14:17:55.643816,1765286275.643816,s,225.182103,s,71.0,°C
2025-12-09,14:17:55.900972,1765286275.900972,s,225.439259,s,71.0,°C
2025-12-09,14:17:56.144321,1765286276.144321,s,225.682608,s,71.0,°C
2025-12-09,14:17:56.401220,1765286276.40122,s,225.939507,s,71.0,°C
2025-12-09,14:17:56.644877,1765286276.644877,s,226.183164,s,71.0,°C
2025-12-09,14:17:56.901498,1765286276.901498,s,226.439785,s,71.0,°C
2025-12-09,14:17:57.145372,1765286277.145372,s,226.683659,s,71.0,°C
2025-12-09,14:17:57.401768,1765286277.401768,s,226.940055,s,71.0,°C
2025-12-09,14:17:57.645818,1765286277.645818,s,227.184105,s,71.0,°C
2025-12-09,14:17:57.901970,1765286277.90197,s,227.440257,s,71.0,°C
2025-12-09,14:17:58.146135,1765286278.146135,s,227.684422,s,71.0,°C
2025-12-09,14:17:58.402270,1765286278.40227,s,227.940557,s,71.0,°C
2025-12-09,14:17:58.646418,1765286278.646418,s,228.184705,s,71.0,°C
2025-12-09,14:17:58.902838,1765286278.902838,s,228.441125,s,71.0,°C
2025-12-09,14:17:59.146909,1765286279.146909,s,228.685196,s,71.0,°C
2025-12-09,14:17:59.403304,1765286279.403304,s,228.941591,s,71.0,°C
2025-12-09,14:17:59.647388,1765286279.647388,s,229.185675,s,71.0,°C
2025-12-09,14:17:59.903779,1765286279.903779,s,229.442066,s,71.0,°C
2025-12-09,14:18:00.147856,1765286280.147856,s,229.686143,s,71.0,°C
2025-12-09,14:18:00.404263,1765286280.404263,s,229.94255,s,71.0,°C
2025-12-09,14:18:00.648323,1765286280.648323,s,230.18661,s,71.0,°C
2025-12-09,14:18:00.904535,1765286280.904535,s,230.442822,s,71.0,°C
2025-12-09,14:18:01.148544,1765286281.148544,s,230.686831,s,70.0,°C
2025-12-09,14:18:01.405029,1765286281.405029,s,230.943316,s,70.0,°C
2025-12-09,14:18:01.649030,1765286281.64903,s,231.187317,s,71.0,°C
2025-12-09,14:18:01.905518,1765286281.905518,s,231.443805,s,71.0,°C
2025-12-09,14:18:02.149462,1765286282.149462,s,231.687749,s,71.0,°C
2025-12-09,14:18:02.406006,1765286282.406006,s,231.944293,s,71.0,°C
2025-12-09,14:18:02.649913,1765286282.649913,s,232.1882,s,71.0,°C
2025-12-09,14:18:02.906478,1765286282.906478,s,232.444765,s,71.0,°C
2025-12-09,14:18:03.150245,1765286283.150245,s,232.688532,s,71.0,°C
2025-12-09,14:18:03.406870,1765286283.40687,s,232.945157,s,71.0,°C
2025-12-09,14:18:03.650709,1765286283.650709,s,233.188996,s,71.0,°C
2025-12-09,14:18:03.907390,1765286283.90739,s,233.445677,s,71.0,°C
2025-12-09,14:18:04.151028,1765286284.151028,s,233.689315,s,71.0,°C
2025-12-09,14:18:04.407843,1765286284.407843,s,233.94613,s,71.0,°C
2025-12-09,14:18:04.651293,1765286284.651293,s,234.18958,s,71.0,°C
2025-12-09,14:18:04.908302,1765286284.908302,s,234.446589,s,71.0,°C
2025-12-09,14:18:05.151743,1765286285.151743,s,234.69003,s,71.0,°C
2025-12-09,14:18:05.408510,1765286285.40851,s,234.946797,s,71.0,°C
2025-12-09,14:18:05.652240,1765286285.65224,s,235.190527,s,71.0,°C
2025-12-09,14:18:05.909026,1765286285.909026,s,235.447313,s,71.0,°C
2025-12-09,14:18:06.152822,1765286286.152822,s,235.691109,s,71.0,°C
2025-12-09,14:18:06.409508,1765286286.409508,s,235.947795,s,71.0,°C
2025-12-09,14:18:06.653338,1765286286.653338,s,236.191625,s,71.0,°C
2025-12-09,14:18:06.909887,1765286286.909887,s,236.448174,s,71.0,°C
2025-12-09,14:18:07.153580,1765286287.15358,s,236.691867,s,71.0,°C
2025-12-09,14:18:07.410208,1765286287.410208,s,236.948495,s,71.0,°C
2025-12-09,14:18:07.653944,1765286287.653944,s,237.192231,s,71.0,°C
2025-12-09,14:18:07.910641,1765286287.910641,s,237.448928,s,71.0,°C
2025-12-09,14:18:08.154476,1765286288.154476,s,237.692763,s,71.0,°C
2025-12-09,14:18:08.410961,1765286288.410961,s,237.949248,s,71.0,°C
2025-12-09,14:18:08.654940,1765286288.65494,s,238.193227,s,71.0,°C
2025-12-09,14:18:08.911324,1765286288.911324,s,238.449611,s,71.0,°C
2025-12-09,14:18:09.155380,1765286289.15538,s,238.693667,s,71.0,°C
2025-12-09,14:18:09.411549,1765286289.411549,s,238.949836,s,71.0,°C
2025-12-09,14:18:09.655613,1765286289.655613,s,239.1939,s,71.0,°C
2025-12-09,14:18:09.911877,1765286289.911877,s,239.450164,s,71.0,°C
2025-12-09,14:18:10.156079,1765286290.156079,s,239.694366,s,71.0,°C
2025-12-09,14:18:10.412206,1765286290.412206,s,239.950493,s,71.0,°C
2025-12-09,14:18:10.656570,1765286290.65657,s,240.194857,s,71.0,°C
2025-12-09,14:18:10.912462,1765286290.912462,s,240.450749,s,71.0,°C
2025-12-09,14:18:11.157111,1765286291.157111,s,240.695398,s,71.0,°C
2025-12-09,14:18:11.412779,1765286291.412779,s,240.951066,s,71.0,°C
2025-12-09,14:18:11.657441,1765286291.657441,s,241.195728,s,71.0,°C
2025-12-09,14:18:11.913110,1765286291.91311,s,241.451397,s,71.0,°C
2025-12-09,14:18:12.157927,1765286292.157927,s,241.696214,s,71.0,°C
2025-12-09,14:18:12.413408,1765286292.413408,s,241.951695,s,71.0,°C
2025-12-09,14:18:12.658378,1765286292.658378,s,242.196665,s,71.0,°C
2025-12-09,14:18:12.913675,1765286292.913675,s,242.451962,s,71.0,°C
2025-12-09,14:18:13.158826,1765286293.158826,s,242.697113,s,71.0,°C
2025-12-09,14:18:13.414068,1765286293.414068,s,242.952355,s,71.0,°C
2025-12-09,14:18:13.659162,1765286293.659162,s,243.197449,s,71.0,°C
2025-12-09,14:18:13.914536,1765286293.914536,s,243.452823,s,71.0,°C
2025-12-09,14:18:14.159616,1765286294.159616,s,243.697903,s,71.0,°C
2025-12-09,14:18:14.414956,1765286294.414956,s,243.953243,s,71.0,°C
2025-12-09,14:18:14.659988,1765286294.659988,s,244.198275,s,71.0,°C
2025-12-09,14:18:14.915526,1765286294.915526,s,244.453813,s,71.0,°C
2025-12-09,14:18:15.160334,1765286295.160334,s,244.698621,s,71.0,°C
2025-12-09,14:18:15.415881,1765286295.415881,s,244.954168,s,71.0,°C
2025-12-09,14:18:15.660807,1765286295.660807,s,245.199094,s,71.0,°C
2025-12-09,14:18:15.916404,1765286295.916404,s,245.454691,s,71.0,°C
2025-12-09,14:18:16.161146,1765286296.161146,s,245.699433,s,71.0,°C
2025-12-09,14:18:16.416958,1765286296.416958,s,245.955245,s,71.0,°C
2025-12-09,14:18:16.661400,1765286296.6614,s,246.199687,s,71.0,°C
2025-12-09,14:18:16.917433,1765286296.917433,s,246.45572,s,71.0,°C
2025-12-09,14:18:17.161654,1765286297.161654,s,246.699941,s,71.0,°C
2025-12-09,14:18:17.417908,1765286297.417908,s,246.956195,s,71.0,°C
2025-12-09,14:18:17.661995,1765286297.661995,s,247.200282,s,71.0,°C
2025-12-09,14:18:17.918322,1765286297.918322,s,247.456609,s,71.0,°C
2025-12-09,14:18:18.162338,1765286298.162338,s,247.700625,s,71.0,°C
2025-12-09,14:18:18.418717,1765286298.418717,s,247.957004,s,71.0,°C
2025-12-09,14:18:18.662551,1765286298.662551,s,248.200838,s,71.0,°C
2025-12-09,14:18:18.919090,1765286298.91909,s,248.457377,s,71.0,°C
2025-12-09,14:18:19.163016,1765286299.163016,s,248.701303,s,71.0,°C
2025-12-09,14:18:19.419609,1765286299.419609,s,248.957896,s,71.0,°C
2025-12-09,14:18:19.663431,1765286299.663431,s,249.201718,s,71.0,°C
2025-12-09,14:18:19.920140,1765286299.92014,s,249.458427,s,71.0,°C
2025-12-09,14:18:20.163952,1765286300.163952,s,249.702239,s,71.0,°C
2025-12-09,14:18:20.420683,1765286300.420683,s,249.95897,s,71.0,°C
2025-12-09,14:18:20.664441,1765286300.664441,s,250.202728,s,71.0,°C
2025-12-09,14:18:20.921224,1765286300.921224,s,250.459511,s,71.0,°C
2025-12-09,14:18:21.164715,1765286301.164715,s,250.703002,s,71.0,°C
2025-12-09,14:18:21.421597,1765286301.421597,s,250.959884,s,71.0,°C
2025-12-09,14:18:21.665206,1765286301.665206,s,251.203493,s,71.0,°C
2025-12-09,14:18:21.922062,1765286301.922062,s,251.460349,s,71.0,°C
2025-12-09,14:18:22.165480,1765286302.16548,s,251.703767,s,71.0,°C
2025-12-09,14:18:22.422393,1765286302.422393,s,251.96068,s,71.0,°C
2025-12-09,14:18:22.665957,1765286302.665957,s,252.204244,s,70.0,°C
2025-12-09,14:18:22.922827,1765286302.922827,s,252.461114,s,70.0,°C
2025-12-09,14:18:23.166459,1765286303.166459,s,252.704746,s,70.0,°C
2025-12-09,14:18:23.423253,1765286303.423253,s,252.96154,s,70.0,°C
2025-12-09,14:18:23.666939,1765286303.666939,s,253.205226,s,71.0,°C
2025-12-09,14:18:23.923512,1765286303.923512,s,253.461799,s,71.0,°C
2025-12-09,14:18:24.167355,1765286304.167355,s,253.705642,s,71.0,°C
2025-12-09,14:18:24.423841,1765286304.423841,s,253.962128,s,71.0,°C
2025-12-09,14:18:24.667828,1765286304.667828,s,254.206115,s,71.0,°C
2025-12-09,14:18:24.924257,1765286304.924257,s,254.462544,s,71.0,°C
2025-12-09,14:18:25.168346,1765286305.168346,s,254.706633,s,71.0,°C
2025-12-09,14:18:25.424698,1765286305.424698,s,254.962985,s,71.0,°C
2025-12-09,14:18:25.668830,1765286305.66883,s,255.207117,s,71.0,°C
2025-12-09,14:18:25.925001,1765286305.925001,s,255.463288,s,71.0,°C
2025-12-09,14:18:26.169316,1765286306.169316,s,255.707603,s,71.0,°C
2025-12-09,14:18:26.425315,1765286306.425315,s,255.963602,s,71.0,°C
2025-12-09,14:18:26.669733,1765286306.669733,s,256.20802,s,71.0,°C
2025-12-09,14:18:26.925566,1765286306.925566,s,256.463853,s,71.0,°C
2025-12-09,14:18:27.170166,1765286307.170166,s,256.708453,s,71.0,°C
2025-12-09,14:18:27.425907,1765286307.425907,s,256.964194,s,71.0,°C
2025-12-09,14:18:27.670651,1765286307.670651,s,257.208938,s,71.0,°C
2025-12-09,14:18:27.926199,1765286307.926199,s,257.464486,s,71.0,°C
2025-12-09,14:18:28.171018,1765286308.171018,s,257.709305,s,71.0,°C
2025-12-09,14:18:28.426707,1765286308.426707,s,257.964994,s,71.0,°C
2025-12-09,14:18:28.671365,1765286308.671365,s,258.209652,s,71.0,°C
2025-12-09,14:18:28.927205,1765286308.927205,s,258.465492,s,71.0,°C
2025-12-09,14:18:29.171813,1765286309.171813,s,258.7101,s,71.0,°C
2025-12-09,14:18:29.427691,1765286309.427691,s,258.965978,s,71.0,°C
2025-12-09,14:18:29.672125,1765286309.672125,s,259.210412,s,71.0,°C
2025-12-09,14:18:29.928004,1765286309.928004,s,259.466291,s,71.0,°C
2025-12-09,14:18:30.172582,1765286310.172582,s,259.710869,s,71.0,°C
2025-12-09,14:18:30.428433,1765286310.428433,s,259.96672,s,71.0,°C
2025-12-09,14:18:30.672848,1765286310.672848,s,260.211135,s,71.0,°C
2025-12-09,14:18:30.928891,1765286310.928891,s,260.467178,s,71.0,°C
2025-12-09,14:18:31.173312,1765286311.173312,s,260.711599,s,71.0,°C
2025-12-09,14:18:31.429353,1765286311.429353,s,260.96764,s,71.0,°C
2025-12-09,14:18:31.673721,1765286311.673721,s,261.212008,s,71.0,°C
2025-12-09,14:18:31.929893,1765286311.929893,s,261.46818,s,71.0,°C
2025-12-09,14:18:32.174053,1765286312.174053,s,261.71234,s,71.0,°C
2025-12-09,14:18:32.430338,1765286312.430338,s,261.968625,s,71.0,°C
2025-12-09,14:18:32.674369,1765286312.674369,s,262.212656,s,71.0,°C
2025-12-09,14:18:32.930570,1765286312.93057,s,262.468857,s,71.0,°C
2025-12-09,14:18:33.174676,1765286313.174676,s,262.712963,s,71.0,°C
2025-12-09,14:18:33.431088,1765286313.431088,s,262.969375,s,69.0,°C
2025-12-09,14:18:33.675000,1765286313.675,s,263.213287,s,69.0,°C
2025-12-09,14:18:33.931596,1765286313.931596,s,263.469883,s,66.0,°C
2025-12-09,14:18:34.175349,1765286314.175349,s,263.713636,s,66.0,°C
2025-12-09,14:18:34.432025,1765286314.432025,s,263.970312,s,66.0,°C
2025-12-09,14:18:34.675615,1765286314.675615,s,264.213902,s,65.0,°C
2025-12-09,14:18:34.932517,1765286314.932517,s,264.470804,s,65.0,°C
2025-12-09,14:18:35.176060,1765286315.17606,s,264.714347,s,64.0,°C
2025-12-09,14:18:35.432990,1765286315.43299,s,264.971277,s,64.0,°C
2025-12-09,14:18:35.676420,1765286315.67642,s,265.214707,s,64.0,°C
2025-12-09,14:18:35.933496,1765286315.933496,s,265.471783,s,64.0,°C
2025-12-09,14:18:36.176899,1765286316.176899,s,265.715186,s,64.0,°C
2025-12-09,14:18:36.433906,1765286316.433906,s,265.972193,s,65.0,°C
2025-12-09,14:18:36.677449,1765286316.677449,s,266.215736,s,65.0,°C
2025-12-09,14:18:36.934336,1765286316.934336,s,266.472623,s,65.0,°C
2025-12-09,14:18:37.177930,1765286317.17793,s,266.716217,s,65.0,°C
2025-12-09,14:18:37.434579,1765286317.434579,s,266.972866,s,64.0,°C
2025-12-09,14:18:37.678428,1765286317.678428,s,267.216715,s,64.0,°C
2025-12-09,14:18:37.935009,1765286317.935009,s,267.473296,s,62.0,°C
2025-12-09,14:18:38.178822,1765286318.178822,s,267.717109,s,62.0,°C
2025-12-09,14:18:38.435358,1765286318.435358,s,267.973645,s,62.0,°C
2025-12-09,14:18:38.679217,1765286318.679217,s,268.217504,s,61.0,°C
2025-12-09,14:18:38.935797,1765286318.935797,s,268.474084,s,61.0,°C
2025-12-09,14:18:39.179481,1765286319.179481,s,268.717768,s,61.0,°C
2025-12-09,14:18:39.436140,1765286319.43614,s,268.974427,s,61.0,°C
2025-12-09,14:18:39.679837,1765286319.679837,s,269.218124,s,60.0,°C
2025-12-09,14:18:39.936483,1765286319.936483,s,269.47477,s,60.0,°C
2025-12-09,14:18:40.180210,1765286320.18021,s,269.718497,s,60.0,°C
2025-12-09,14:18:40.436837,1765286320.436837,s,269.975124,s,55.0,°C
2025-12-09,14:18:40.680497,1765286320.680497,s,270.218784,s,55.0,°C
2025-12-09,14:18:40.937195,1765286320.937195,s,270.475482,s,52.0,°C
2025-12-09,14:18:41.180950,1765286321.18095,s,270.719237,s,52.0,°C
2025-12-09,14:18:41.437494,1765286321.437494,s,270.975781,s,52.0,°C
2025-12-09,14:18:41.681442,1765286321.681442,s,271.219729,s,52.0,°C
2025-12-09,14:18:41.937834,1765286321.937834,s,271.476121,s,52.0,°C
2025-12-09,14:18:42.181897,1765286322.181897,s,271.720184,s,53.0,°C
2025-12-09,14:18:42.438168,1765286322.438168,s,271.976455,s,53.0,°C
2025-12-09,14:18:42.682409,1765286322.682409,s,272.220696,s,53.0,°C
2025-12-09,14:18:42.938403,1765286322.938403,s,272.47669,s,53.0,°C
2025-12-09,14:18:43.182864,1765286323.182864,s,272.721151,s,53.0,°C
2025-12-09,14:18:43.438871,1765286323.438871,s,272.977158,s,53.0,°C
2025-12-09,14:18:43.683304,1765286323.683304,s,273.221591,s,53.0,°C
2025-12-09,14:18:43.939349,1765286323.939349,s,273.477636,s,53.0,°C
2025-12-09,14:18:44.183762,1765286324.183762,s,273.722049,s,53.0,°C
2025-12-09,14:18:44.439769,1765286324.439769,s,273.978056,s,54.0,°C
2025-12-09,14:18:44.684244,1765286324.684244,s,274.222531,s,54.0,°C
2025-12-09,14:18:44.940225,1765286324.940225,s,274.478512,s,54.0,°C
2025-12-09,14:18:45.184781,1765286325.184781,s,274.723068,s,54.0,°C
2025-12-09,14:18:45.440674,1765286325.440674,s,274.978961,s,54.0,°C
2025-12-09,14:18:45.685241,1765286325.685241,s,275.223528,s,54.0,°C
2025-12-09,14:18:45.941011,1765286325.941011,s,275.479298,s,54.0,°C
2025-12-09,14:18:46.185485,1765286326.185485,s,275.723772,s,53.0,°C
2025-12-09,14:18:46.441524,1765286326.441524,s,275.979811,s,53.0,°C
2025-12-09,14:18:46.685818,1765286326.685818,s,276.224105,s,53.0,°C
2025-12-09,14:18:46.941895,1765286326.941895,s,276.480182,s,53.0,°C
2025-12-09,14:18:47.186143,1765286327.186143,s,276.72443,s,53.0,°C
2025-12-09,14:18:47.442375,1765286327.442375,s,276.980662,s,53.0,°C
2025-12-09,14:18:47.686479,1765286327.686479,s,277.224766,s,53.0,°C
2025-12-09,14:18:47.942958,1765286327.942958,s,277.481245,s,51.0,°C
2025-12-09,14:18:48.186834,1765286328.186834,s,277.725121,s,51.0,°C
2025-12-09,14:18:48.443322,1765286328.443322,s,277.981609,s,50.0,°C
2025-12-09,14:18:48.687184,1765286328.687184,s,278.225471,s,50.0,°C
2025-12-09,14:18:48.943576,1765286328.943576,s,278.481863,s,50.0,°C
2025-12-09,14:18:49.187476,1765286329.187476,s,278.725763,s,50.0,°C
2025-12-09,14:18:49.444079,1765286329.444079,s,278.982366,s,50.0,°C
2025-12-09,14:18:49.687877,1765286329.687877,s,279.226164,s,49.0,°C
2025-12-09,14:18:49.944648,1765286329.944648,s,279.482935,s,49.0,°C
2025-12-09,14:18:50.188408,1765286330.188408,s,279.726695,s,49.0,°C
2025-12-09,14:18:50.445200,1765286330.4452,s,279.983487,s,49.0,°C
2025-12-09,14:18:50.688853,1765286330.688853,s,280.22714,s,49.0,°C
2025-12-09,14:18:50.945738,1765286330.945738,s,280.484025,s,49.0,°C
2025-12-09,14:18:51.189260,1765286331.18926,s,280.727547,s,49.0,°C
2025-12-09,14:18:51.446232,1765286331.446232,s,280.984519,s,49.0,°C
2025-12-09,14:18:51.689721,1765286331.689721,s,281.228008,s,49.0,°C
2025-12-09,14:18:51.946543,1765286331.946543,s,281.48483,s,48.0,°C
2025-12-09,14:18:52.190199,1765286332.190199,s,281.728486,s,48.0,°C
2025-12-09,14:18:52.446875,1765286332.446875,s,281.985162,s,48.0,°C
2025-12-09,14:18:52.690756,1765286332.690756,s,282.229043,s,48.0,°C
2025-12-09,14:18:52.947307,1765286332.947307,s,282.485594,s,48.0,°C
2025-12-09,14:18:53.191245,1765286333.191245,s,282.729532,s,48.0,°C
2025-12-09,14:18:53.447569,1765286333.447569,s,282.985856,s,48.0,°C
2025-12-09,14:18:53.691511,1765286333.691511,s,283.229798,s,48.0,°C
2025-12-09,14:18:53.948040,1765286333.94804,s,283.486327,s,48.0,°C
2025-12-09,14:18:54.191990,1765286334.19199,s,283.730277,s,47.0,°C
2025-12-09,14:18:54.448367,1765286334.448367,s,283.986654,s,47.0,°C
2025-12-09,14:18:54.692423,1765286334.692423,s,284.23071,s,47.0,°C
2025-12-09,14:18:54.948696,1765286334.948696,s,284.486983,s,47.0,°C
2025-12-09,14:18:55.192760,1765286335.19276,s,284.731047,s,47.0,°C
2025-12-09,14:18:55.449018,1765286335.449018,s,284.987305,s,47.0,°C
2025-12-09,14:18:55.693248,1765286335.693248,s,285.231535,s,47.0,°C
2025-12-09,14:18:55.949348,1765286335.949348,s,285.487635,s,46.0,°C
2025-12-09,14:18:56.193706,1765286336.193706,s,285.731993,s,46.0,°C
2025-12-09,14:18:56.449583,1765286336.449583,s,285.98787,s,46.0,°C
2025-12-09,14:18:56.694191,1765286336.694191,s,286.232478,s,46.0,°C
2025-12-09,14:18:56.949903,1765286336.949903,s,286.48819,s,46.0,°C
2025-12-09,14:18:57.194732,1765286337.194732,s,286.733019,s,46.0,°C
2025-12-09,14:18:57.450148,1765286337.450148,s,286.988435,s,46.0,°C
2025-12-09,14:18:57.695207,1765286337.695207,s,287.233494,s,46.0,°C
2025-12-09,14:18:57.950421,1765286337.950421,s,287.488708,s,46.0,°C
2025-12-09,14:18:58.195708,1765286338.195708,s,287.733995,s,46.0,°C
2025-12-09,14:18:58.450925,1765286338.450925,s,287.989212,s,46.0,°C
2025-12-09,14:18:58.696075,1765286338.696075,s,288.234362,s,46.0,°C
2025-12-09,14:18:58.951450,1765286338.95145,s,288.489737,s,46.0,°C
2025-12-09,14:18:59.196563,1765286339.196563,s,288.73485,s,46.0,°C
2025-12-09,14:18:59.451963,1765286339.451963,s,288.99025,s,46.0,°C
2025-12-09,14:18:59.697026,1765286339.697026,s,289.235313,s,46.0,°C
2025-12-09,14:18:59.952457,1765286339.952457,s,289.490744,s,46.0,°C
2025-12-09,14:19:00.197413,1765286340.197413,s,289.7357,s,46.0,°C
2025-12-09,14:19:00.452716,1765286340.452716,s,289.991003,s,46.0,°C
2025-12-09,14:19:00.697869,1765286340.697869,s,290.236156,s,45.0,°C
2025-12-09,14:19:00.953243,1765286340.953243,s,290.49153,s,45.0,°C
2025-12-09,14:19:01.198118,1765286341.198118,s,290.736405,s,45.0,°C
2025-12-09,14:19:01.453823,1765286341.453823,s,290.99211,s,45.0,°C
2025-12-09,14:19:01.698579,1765286341.698579,s,291.236866,s,45.0,°C
2025-12-09,14:19:01.954370,1765286341.95437,s,291.492657,s,45.0,°C
2025-12-09,14:19:02.198923,1765286342.198923,s,291.73721,s,45.0,°C
2025-12-09,14:19:02.454914,1765286342.454914,s,291.993201,s,45.0,°C
2025-12-09,14:19:02.699264,1765286342.699264,s,292.237551,s,45.0,°C
2025-12-09,14:19:02.955398,1765286342.955398,s,292.493685,s,45.0,°C
2025-12-09,14:19:03.199533,1765286343.199533,s,292.73782,s,45.0,°C
2025-12-09,14:19:03.455832,1765286343.455832,s,292.994119,s,45.0,°C
2025-12-09,14:19:03.699872,1765286343.699872,s,293.238159,s,45.0,°C
2025-12-09,14:19:03.956263,1765286343.956263,s,293.49455,s,45.0,°C
2025-12-09,14:19:04.200233,1765286344.200233,s,293.73852,s,45.0,°C
2025-12-09,14:19:04.456706,1765286344.456706,s,293.994993,s,45.0,°C
2025-12-09,14:19:04.700426,1765286344.700426,s,294.238713,s,45.0,°C
2025-12-09,14:19:04.956968,1765286344.956968,s,294.495255,s,45.0,°C
2025-12-09,14:19:05.200866,1765286345.200866,s,294.739153,s,45.0,°C
2025-12-09,14:19:05.457331,1765286345.457331,s,294.995618,s,45.0,°C
2025-12-09,14:19:05.701318,1765286345.701318,s,295.239605,s,45.0,°C
2025-12-09,14:19:05.957572,1765286345.957572,s,295.495859,s,45.0,°C
2025-12-09,14:19:06.201590,1765286346.20159,s,295.739877,s,45.0,°C
2025-12-09,14:19:06.457980,1765286346.45798,s,295.996267,s,45.0,°C
2025-12-09,14:19:06.701973,1765286346.701973,s,296.24026,s,45.0,°C
2025-12-09,14:19:06.958378,1765286346.958378,s,296.496665,s,45.0,°C
2025-12-09,14:19:07.202485,1765286347.202485,s,296.740772,s,45.0,°C
2025-12-09,14:19:07.458756,1765286347.458756,s,296.997043,s,44.0,°C
2025-12-09,14:19:07.702826,1765286347.702826,s,297.241113,s,44.0,°C
2025-12-09,14:19:07.959114,1765286347.959114,s,297.497401,s,44.0,°C
2025-12-09,14:19:08.203305,1765286348.203305,s,297.741592,s,44.0,°C
2025-12-09,14:19:08.459473,1765286348.459473,s,297.99776,s,44.0,°C
2025-12-09,14:19:08.703666,1765286348.703666,s,298.241953,s,45.0,°C
2025-12-09,14:19:08.959834,1765286348.959834,s,298.498121,s,45.0,°C
2025-12-09,14:19:09.204136,1765286349.204136,s,298.742423,s,45.0,°C
2025-12-09,14:19:09.460204,1765286349.460204,s,298.998491,s,45.0,°C
2025-12-09,14:19:09.704424,1765286349.704424,s,299.242711,s,45.0,°C
2025-12-09,14:19:09.960469,1765286349.960469,s,299.498756,s,44.0,°C
2025-12-09,14:19:10.204926,1765286350.204926,s,299.743213,s,44.0,°C
2025-12-09,14:19:10.460740,1765286350.46074,s,299.999027,s,44.0,°C
2025-12-09,14:19:10.705333,1765286350.705333,s,300.24362,s,44.0,°C
2025-12-09,14:19:10.961034,1765286350.961034,s,300.499321,s,43.0,°C
2025-12-09,14:19:11.205839,1765286351.205839,s,300.744126,s,43.0,°C
2025-12-09,14:19:11.461500,1765286351.4615,s,300.999787,s,43.0,°C
2025-12-09,14:19:11.706182,1765286351.706182,s,301.244469,s,43.0,°C
2025-12-09,14:19:11.961846,1765286351.961846,s,301.500133,s,43.0,°C
2025-12-09,14:19:12.206718,1765286352.206718,s,301.745005,s,43.0,°C
2025-12-09,14:19:12.462281,1765286352.462281,s,302.000568,s,43.0,°C
2025-12-09,14:19:12.707079,1765286352.707079,s,302.245366,s,44.0,°C
2025-12-09,14:19:12.962598,1765286352.962598,s,302.500885,s,44.0,°C
2025-12-09,14:19:13.207346,1765286353.207346,s,302.745633,s,44.0,°C
2025-12-09,14:19:13.462823,1765286353.462823,s,303.00111,s,43.0,°C
2025-12-09,14:19:13.707850,1765286353.70785,s,303.246137,s,43.0,°C
2025-12-09,14:19:13.963381,1765286353.963381,s,303.501668,s,43.0,°C
2025-12-09,14:19:14.208299,1765286354.208299,s,303.746586,s,43.0,°C
2025-12-09,14:19:14.463898,1765286354.463898,s,304.002185,s,43.0,°C
2025-12-09,14:19:14.708750,1765286354.70875,s,304.247037,s,43.0,°C
2025-12-09,14:19:14.964352,1765286354.964352,s,304.502639,s,44.0,°C
2025-12-09,14:19:15.209190,1765286355.20919,s,304.747477,s,44.0,°C
2025-12-09,14:19:15.464833,1765286355.464833,s,305.00312,s,44.0,°C
2025-12-09,14:19:15.709668,1765286355.709668,s,305.247955,s,44.0,°C
2025-12-09,14:19:15.965380,1765286355.96538,s,305.503667,s,44.0,°C
2025-12-09,14:19:16.210199,1765286356.210199,s,305.748486,s,44.0,°C
2025-12-09,14:19:16.465847,1765286356.465847,s,306.004134,s,44.0,°C
2025-12-09,14:19:16.710625,1765286356.710625,s,306.248912,s,44.0,°C
2025-12-09,14:19:16.966374,1765286356.966374,s,306.504661,s,44.0,°C
2025-12-09,14:19:17.210951,1765286357.210951,s,306.749238,s,44.0,°C
2025-12-09,14:19:17.466729,1765286357.466729,s,307.005016,s,43.0,°C
2025-12-09,14:19:17.711251,1765286357.711251,s,307.249538,s,43.0,°C
2025-12-09,14:19:17.967191,1765286357.967191,s,307.505478,s,43.0,°C
2025-12-09,14:19:18.211504,1765286358.211504,s,307.749791,s,43.0,°C
2025-12-09,14:19:18.467438,1765286358.467438,s,308.005725,s,43.0,°C
2025-12-09,14:19:18.711932,1765286358.711932,s,308.250219,s,43.0,°C
2025-12-09,14:19:18.967974,1765286358.967974,s,308.506261,s,43.0,°C
2025-12-09,14:19:19.212266,1765286359.212266,s,308.750553,s,43.0,°C
2025-12-09,14:19:19.468345,1765286359.468345,s,309.006632,s,43.0,°C
2025-12-09,14:19:19.712487,1765286359.712487,s,309.250774,s,43.0,°C
2025-12-09,14:19:19.968836,1765286359.968836,s,309.507123,s,43.0,°C
2025-12-09,14:19:20.212751,1765286360.212751,s,309.751038,s,43.0,°C
2025-12-09,14:19:20.469320,1765286360.46932,s,310.007607,s,43.0,°C
2025-12-09,14:19:20.713207,1765286360.713207,s,310.251494,s,43.0,°C
2025-12-09,14:19:20.969817,1765286360.969817,s,310.508104,s,43.0,°C
2025-12-09,14:19:21.213457,1765286361.213457,s,310.751744,s,43.0,°C
2025-12-09,14:19:21.470315,1765286361.470315,s,311.008602,s,43.0,°C
2025-12-09,14:19:21.713908,1765286361.713908,s,311.252195,s,43.0,°C
2025-12-09,14:19:21.970760,1765286361.97076,s,311.509047,s,43.0,°C
2025-12-09,14:19:22.214349,1765286362.214349,s,311.752636,s,43.0,°C
2025-12-09,14:19:22.471111,1765286362.471111,s,312.009398,s,43.0,°C
2025-12-09,14:19:22.714790,1765286362.71479,s,312.253077,s,43.0,°C
2025-12-09,14:19:22.971346,1765286362.971346,s,312.509633,s,43.0,°C
2025-12-09,14:19:23.215234,1765286363.215234,s,312.753521,s,43.0,°C
2025-12-09,14:19:23.471725,1765286363.471725,s,313.010012,s,43.0,°C
2025-12-09,14:19:23.715509,1765286363.715509,s,313.253796,s,43.0,°C
2025-12-09,14:19:23.972182,1765286363.972182,s,313.510469,s,43.0,°C
2025-12-09,14:19:24.215838,1765286364.215838,s,313.754125,s,43.0,°C
2025-12-09,14:19:24.472562,1765286364.472562,s,314.010849,s,43.0,°C
2025-12-09,14:19:24.716280,1765286364.71628,s,314.254567,s,43.0,°C
2025-12-09,14:19:24.972996,1765286364.972996,s,314.511283,s,43.0,°C
2025-12-09,14:19:25.216542,1765286365.216542,s,314.754829,s,43.0,°C
2025-12-09,14:19:25.473458,1765286365.473458,s,315.011745,s,43.0,°C
2025-12-09,14:19:25.716983,1765286365.716983,s,315.25527,s,43.0,°C
2025-12-09,14:19:25.973793,1765286365.973793,s,315.51208,s,43.0,°C
2025-12-09,14:19:26.217258,1765286366.217258,s,315.755545,s,43.0,°C
2025-12-09,14:19:26.474191,1765286366.474191,s,316.012478,s,43.0,°C
2025-12-09,14:19:26.717712,1765286366.717712,s,316.255999,s,43.0,°C
2025-12-09,14:19:26.974676,1765286366.974676,s,316.512963,s,43.0,°C
2025-12-09,14:19:27.218192,1765286367.218192,s,316.756479,s,43.0,°C
2025-12-09,14:19:27.475030,1765286367.47503,s,317.013317,s,43.0,°C
2025-12-09,14:19:27.718684,1765286367.718684,s,317.256971,s,43.0,°C
2025-12-09,14:19:27.975404,1765286367.975404,s,317.513691,s,43.0,°C
2025-12-09,14:19:28.219014,1765286368.219014,s,317.757301,s,43.0,°C
2025-12-09,14:19:28.475701,1765286368.475701,s,318.013988,s,43.0,°C
2025-12-09,14:19:28.719477,1765286368.719477,s,318.257764,s,43.0,°C
2025-12-09,14:19:28.975995,1765286368.975995,s,318.514282,s,42.0,°C
2025-12-09,14:19:29.219825,1765286369.219825,s,318.758112,s,42.0,°C
2025-12-09,14:19:29.476525,1765286369.476525,s,319.014812,s,41.0,°C
2025-12-09,14:19:29.720267,1765286369.720267,s,319.258554,s,41.0,°C
2025-12-09,14:19:29.976823,1765286369.976823,s,319.51511,s,41.0,°C
2025-12-09,14:19:30.220522,1765286370.220522,s,319.758809,s,41.0,°C
2025-12-09,14:19:30.477295,1765286370.477295,s,320.015582,s,41.0,°C
2025-12-09,14:19:30.720995,1765286370.720995,s,320.259282,s,42.0,°C
2025-12-09,14:19:30.977790,1765286370.97779,s,320.516077,s,42.0,°C
2025-12-09,14:19:31.221441,1765286371.221441,s,320.759728,s,42.0,°C
2025-12-09,14:19:31.478465,1765286371.478465,s,321.016752,s,42.0,°C
2025-12-09,14:19:31.721888,1765286371.721888,s,321.260175,s,42.0,°C
2025-12-09,14:19:31.978978,1765286371.978978,s,321.517265,s,43.0,°C
2025-12-09,14:19:32.222337,1765286372.222337,s,321.760624,s,43.0,°C
2025-12-09,14:19:32.479395,1765286372.479395,s,322.017682,s,43.0,°C
2025-12-09,14:19:32.722563,1765286372.722563,s,322.26085,s,43.0,°C
2025-12-09,14:19:32.979630,1765286372.97963,s,322.517917,s,43.0,°C
2025-12-09,14:19:33.222854,1765286373.222854,s,322.761141,s,43.0,°C
2025-12-09,14:19:33.480140,1765286373.48014,s,323.018427,s,43.0,°C
2025-12-09,14:19:33.723162,1765286373.723162,s,323.261449,s,43.0,°C
2025-12-09,14:19:33.980655,1765286373.980655,s,323.518942,s,43.0,°C
2025-12-09,14:19:34.223416,1765286374.223416,s,323.761703,s,43.0,°C
2025-12-09,14:19:34.481102,1765286374.481102,s,324.019389,s,43.0,°C
2025-12-09,14:19:34.723713,1765286374.723713,s,324.262,s,43.0,°C
2025-12-09,14:19:34.981622,1765286374.981622,s,324.519909,s,42.0,°C
2025-12-09,14:19:35.224134,1765286375.224134,s,324.762421,s,42.0,°C
2025-12-09,14:19:35.482083,1765286375.482083,s,325.02037,s,42.0,°C
2025-12-09,14:19:35.724635,1765286375.724635,s,325.262922,s,42.0,°C
2025-12-09,14:19:35.982314,1765286375.982314,s,325.520601,s,43.0,°C
2025-12-09,14:19:36.225005,1765286376.225005,s,325.763292,s,43.0,°C
2025-12-09,14:19:36.482568,1765286376.482568,s,326.020855,s,43.0,°C
2025-12-09,14:19:36.725565,1765286376.725565,s,326.263852,s,43.0,°C
2025-12-09,14:19:36.983033,1765286376.983033,s,326.52132,s,43.0,°C
2025-12-09,14:19:37.226058,1765286377.226058,s,326.764345,s,43.0,°C
2025-12-09,14:19:37.483462,1765286377.483462,s,327.021749,s,43.0,°C
2025-12-09,14:19:37.726562,1765286377.726562,s,327.264849,s,43.0,°C
2025-12-09,14:19:37.983942,1765286377.983942,s,327.522229,s,43.0,°C
2025-12-09,14:19:38.226907,1765286378.226907,s,327.765194,s,43.0,°C
2025-12-09,14:19:38.484415,1765286378.484415,s,328.022702,s,42.0,°C
2025-12-09,14:19:38.727263,1765286378.727263,s,328.26555,s,42.0,°C
2025-12-09,14:19:38.984892,1765286378.984892,s,328.523179,s,42.0,°C
2025-12-09,14:19:39.227780,1765286379.22778,s,328.766067,s,42.0,°C
2025-12-09,14:19:39.485348,1765286379.485348,s,329.023635,s,43.0,°C
2025-12-09,14:19:39.728161,1765286379.728161,s,329.266448,s,43.0,°C
2025-12-09,14:19:39.985609,1765286379.985609,s,329.523896,s,43.0,°C
2025-12-09,14:19:40.228424,1765286380.228424,s,329.766711,s,43.0,°C
2025-12-09,14:19:40.486090,1765286380.48609,s,330.024377,s,43.0,°C
2025-12-09,14:19:40.728961,1765286380.728961,s,330.267248,s,43.0,°C
2025-12-09,14:19:40.986422,1765286380.986422,s,330.524709,s,43.0,°C
2025-12-09,14:19:41.229487,1765286381.229487,s,330.767774,s,43.0,°C
2025-12-09,14:19:41.486917,1765286381.486917,s,331.025204,s,43.0,°C
2025-12-09,14:19:41.730019,1765286381.730019,s,331.268306,s,43.0,°C
2025-12-09,14:19:41.987321,1765286381.987321,s,331.525608,s,43.0,°C
2025-12-09,14:19:42.230274,1765286382.230274,s,331.768561,s,43.0,°C
2025-12-09,14:19:42.487835,1765286382.487835,s,332.026122,s,42.0,°C
2025-12-09,14:19:42.730790,1765286382.73079,s,332.269077,s,42.0,°C
2025-12-09,14:19:42.988272,1765286382.988272,s,332.526559,s,42.0,°C
2025-12-09,14:19:43.231202,1765286383.231202,s,332.769489,s,42.0,°C
2025-12-09,14:19:43.488539,1765286383.488539,s,333.026826,s,42.0,°C
2025-12-09,14:19:43.731650,1765286383.73165,s,333.269937,s,43.0,°C
2025-12-09,14:19:43.988895,1765286383.988895,s,333.527182,s,43.0,°C
2025-12-09,14:19:44.231897,1765286384.231897,s,333.770184,s,43.0,°C
2025-12-09,14:19:44.489424,1765286384.489424,s,334.027711,s,43.0,°C
2025-12-09,14:19:44.732324,1765286384.732324,s,334.270611,s,43.0,°C
2025-12-09,14:19:44.989961,1765286384.989961,s,334.528248,s,43.0,°C
2025-12-09,14:19:45.232748,1765286385.232748,s,334.771035,s,43.0,°C
2025-12-09,14:19:45.490398,1765286385.490398,s,335.028685,s,43.0,°C
2025-12-09,14:19:45.733197,1765286385.733197,s,335.271484,s,43.0,°C
2025-12-09,14:19:45.990863,1765286385.990863,s,335.52915,s,43.0,°C
2025-12-09,14:19:46.233454,1765286386.233454,s,335.771741,s,43.0,°C
2025-12-09,14:19:46.491268,1765286386.491268,s,336.029555,s,43.0,°C
2025-12-09,14:19:46.733888,1765286386.733888,s,336.272175,s,43.0,°C
2025-12-09,14:19:46.991511,1765286386.991511,s,336.529798,s,43.0,°C
2025-12-09,14:19:47.234177,1765286387.234177,s,336.772464,s,43.0,°C
2025-12-09,14:19:47.491990,1765286387.49199,s,337.030277,s,43.0,°C
2025-12-09,14:19:47.734400,1765286387.7344,s,337.272687,s,43.0,°C
2025-12-09,14:19:47.992442,1765286387.992442,s,337.530729,s,43.0,°C
2025-12-09,14:19:48.234631,1765286388.234631,s,337.772918,s,43.0,°C
2025-12-09,14:19:48.492895,1765286388.492895,s,338.031182,s,43.0,°C
2025-12-09,14:19:48.734958,1765286388.734958,s,338.273245,s,43.0,°C
2025-12-09,14:19:48.993342,1765286388.993342,s,338.531629,s,43.0,°C
2025-12-09,14:19:49.235218,1765286389.235218,s,338.773505,s,43.0,°C
2025-12-09,14:19:49.493854,1765286389.493854,s,339.032141,s,43.0,°C
2025-12-09,14:19:49.735415,1765286389.735415,s,339.273702,s,43.0,°C
2025-12-09,14:19:49.994197,1765286389.994197,s,339.532484,s,43.0,°C
2025-12-09,14:19:50.235649,1765286390.235649,s,339.773936,s,43.0,°C
2025-12-09,14:19:50.494510,1765286390.49451,s,340.032797,s,43.0,°C
2025-12-09,14:19:50.736171,1765286390.736171,s,340.274458,s,43.0,°C
2025-12-09,14:19:50.994983,1765286390.994983,s,340.53327,s,43.0,°C
2025-12-09,14:19:51.236424,1765286391.236424,s,340.774711,s,43.0,°C
2025-12-09,14:19:51.495473,1765286391.495473,s,341.03376,s,43.0,°C
2025-12-09,14:19:51.736905,1765286391.736905,s,341.275192,s,43.0,°C
2025-12-09,14:19:51.995841,1765286391.995841,s,341.534128,s,43.0,°C
2025-12-09,14:19:52.237279,1765286392.237279,s,341.775566,s,43.0,°C
2025-12-09,14:19:52.496356,1765286392.496356,s,342.034643,s,43.0,°C
2025-12-09,14:19:52.737829,1765286392.737829,s,342.276116,s,43.0,°C
2025-12-09,14:19:52.996656,1765286392.996656,s,342.534943,s,43.0,°C
2025-12-09,14:19:53.238341,1765286393.238341,s,342.776628,s,43.0,°C
2025-12-09,14:19:53.497127,1765286393.497127,s,343.035414,s,43.0,°C
2025-12-09,14:19:53.738879,1765286393.738879,s,343.277166,s,43.0,°C
2025-12-09,14:19:53.997611,1765286393.997611,s,343.535898,s,43.0,°C
2025-12-09,14:19:54.239404,1765286394.239404,s,343.777691,s,43.0,°C
2025-12-09,14:19:54.498056,1765286394.498056,s,344.036343,s,43.0,°C
2025-12-09,14:19:54.739936,1765286394.739936,s,344.278223,s,43.0,°C
2025-12-09,14:19:54.998463,1765286394.998463,s,344.53675,s,43.0,°C
2025-12-09,14:19:55.240476,1765286395.240476,s,344.778763,s,43.0,°C
2025-12-09,14:19:55.498845,1765286395.498845,s,345.037132,s,43.0,°C
2025-12-09,14:19:55.741012,1765286395.741012,s,345.279299,s,43.0,°C
2025-12-09,14:19:55.999221,1765286395.999221,s,345.537508,s,43.0,°C
2025-12-09,14:19:56.241371,1765286396.241371,s,345.779658,s,43.0,°C
2025-12-09,14:19:56.499709,1765286396.499709,s,346.037996,s,43.0,°C
2025-12-09,14:19:56.741885,1765286396.741885,s,346.280172,s,43.0,°C
2025-12-09,14:19:57.000174,1765286397.000174,s,346.538461,s,43.0,°C
2025-12-09,14:19:57.242245,1765286397.242245,s,346.780532,s,43.0,°C
2025-12-09,14:19:57.500581,1765286397.500581,s,347.038868,s,43.0,°C
2025-12-09,14:19:57.742549,1765286397.742549,s,347.280836,s,42.0,°C
2025-12-09,14:19:58.000969,1765286398.000969,s,347.539256,s,42.0,°C
2025-12-09,14:19:58.242860,1765286398.24286,s,347.781147,s,42.0,°C
2025-12-09,14:19:58.501298,1765286398.501298,s,348.039585,s,42.0,°C
2025-12-09,14:19:58.743343,1765286398.743343,s,348.28163,s,43.0,°C
2025-12-09,14:19:59.001485,1765286399.001485,s,348.539772,s,43.0,°C
2025-12-09,14:19:59.243813,1765286399.243813,s,348.7821,s,43.0,°C
2025-12-09,14:19:59.501913,1765286399.501913,s,349.0402,s,43.0,°C
2025-12-09,14:19:59.744271,1765286399.744271,s,349.282558,s,43.0,°C
2025-12-09,14:20:00.002241,1765286400.002241,s,349.540528,s,43.0,°C
2025-12-09,14:20:00.244515,1765286400.244515,s,349.782802,s,43.0,°C
2025-12-09,14:20:00.502693,1765286400.502693,s,350.04098,s,43.0,°C
2025-12-09,14:20:00.744989,1765286400.744989,s,350.283276,s,43.0,°C
2025-12-09,14:20:01.003039,1765286401.003039,s,350.541326,s,43.0,°C
2025-12-09,14:20:01.245320,1765286401.24532,s,350.783607,s,43.0,°C
2025-12-09,14:20:01.503460,1765286401.50346,s,351.041747,s,43.0,°C
2025-12-09,14:20:01.745764,1765286401.745764,s,351.284051,s,43.0,°C
2025-12-09,14:20:02.003921,1765286402.003921,s,351.542208,s,43.0,°C
2025-12-09,14:20:02.246086,1765286402.246086,s,351.784373,s,42.0,°C
2025-12-09,14:20:02.504410,1765286402.50441,s,352.042697,s,42.0,°C
2025-12-09,14:20:02.746401,1765286402.746401,s,352.284688,s,42.0,°C
2025-12-09,14:20:03.004808,1765286403.004808,s,352.543095,s,42.0,°C
2025-12-09,14:20:03.246800,1765286403.2468,s,352.785087,s,42.0,°C
2025-12-09,14:20:03.505152,1765286403.505152,s,353.043439,s,42.0,°C
2025-12-09,14:20:03.747099,1765286403.747099,s,353.285386,s,42.0,°C
2025-12-09,14:20:04.005613,1765286404.005613,s,353.5439,s,42.0,°C
2025-12-09,14:20:04.247403,1765286404.247403,s,353.78569,s,42.0,°C
2025-12-09,14:20:04.505955,1765286404.505955,s,354.044242,s,43.0,°C
2025-12-09,14:20:04.747640,1765286404.74764,s,354.285927,s,43.0,°C
2025-12-09,14:20:05.006260,1765286405.00626,s,354.544547,s,43.0,°C
2025-12-09,14:20:05.247897,1765286405.247897,s,354.786184,s,43.0,°C
2025-12-09,14:20:05.506741,1765286405.506741,s,355.045028,s,43.0,°C
2025-12-09,14:20:05.748411,1765286405.748411,s,355.286698,s,43.0,°C
2025-12-09,14:20:06.007137,1765286406.007137,s,355.545424,s,43.0,°C
2025-12-09,14:20:06.248861,1765286406.248861,s,355.787148,s,43.0,°C
2025-12-09,14:20:06.507616,1765286406.507616,s,356.045903,s,43.0,°C
2025-12-09,14:20:06.749337,1765286406.749337,s,356.287624,s,43.0,°C
2025-12-09,14:20:07.008010,1765286407.00801,s,356.546297,s,43.0,°C
2025-12-09,14:20:07.249798,1765286407.249798,s,356.788085,s,43.0,°C
2025-12-09,14:20:07.508468,1765286407.508468,s,357.046755,s,42.0,°C
2025-12-09,14:20:07.750277,1765286407.750277,s,357.288564,s,42.0,°C
2025-12-09,14:20:08.008872,1765286408.008872,s,357.547159,s,42.0,°C
2025-12-09,14:20:08.250729,1765286408.250729,s,357.789016,s,42.0,°C
2025-12-09,14:20:08.509341,1765286408.509341,s,358.047628,s,42.0,°C
2025-12-09,14:20:08.751180,1765286408.75118,s,358.289467,s,42.0,°C
2025-12-09,14:20:09.009587,1765286409.009587,s,358.547874,s,42.0,°C
2025-12-09,14:20:09.251457,1765286409.251457,s,358.789744,s,43.0,°C
2025-12-09,14:20:09.510063,1765286409.510063,s,359.04835,s,43.0,°C
2025-12-09,14:20:09.751930,1765286409.75193,s,359.290217,s,43.0,°C
2025-12-09,14:20:10.010496,1765286410.010496,s,359.548783,s,43.0,°C
2025-12-09,14:20:10.252424,1765286410.252424,s,359.790711,s,43.0,°C
2025-12-09,14:20:10.510968,1765286410.510968,s,360.049255,s,43.0,°C
2025-12-09,14:20:10.752885,1765286410.752885,s,360.291172,s,43.0,°C
2025-12-09,14:20:11.011375,1765286411.011375,s,360.549662,s,43.0,°C
2025-12-09,14:20:11.253380,1765286411.25338,s,360.791667,s,43.0,°C
2025-12-09,14:20:11.511818,1765286411.511818,s,361.050105,s,43.0,°C
2025-12-09,14:20:11.753813,1765286411.753813,s,361.2921,s,43.0,°C
2025-12-09,14:20:12.012227,1765286412.012227,s,361.550514,s,43.0,°C
2025-12-09,14:20:12.254312,1765286412.254312,s,361.792599,s,43.0,°C
2025-12-09,14:20:12.512701,1765286412.512701,s,362.050988,s,43.0,°C
2025-12-09,14:20:12.754821,1765286412.754821,s,362.293108,s,43.0,°C
2025-12-09,14:20:13.013147,1765286413.013147,s,362.551434,s,43.0,°C
2025-12-09,14:20:13.255298,1765286413.255298,s,362.793585,s,43.0,°C
2025-12-09,14:20:13.513482,1765286413.513482,s,363.051769,s,43.0,°C
2025-12-09,14:20:13.755740,1765286413.75574,s,363.294027,s,43.0,°C
2025-12-09,14:20:14.013827,1765286414.013827,s,363.552114,s,43.0,°C
2025-12-09,14:20:14.256189,1765286414.256189,s,363.794476,s,43.0,°C
2025-12-09,14:20:14.514100,1765286414.5141,s,364.052387,s,42.0,°C
2025-12-09,14:20:14.756657,1765286414.756657,s,364.294944,s,42.0,°C
2025-12-09,14:20:15.014565,1765286415.014565,s,364.552852,s,42.0,°C
2025-12-09,14:20:15.257124,1765286415.257124,s,364.795411,s,42.0,°C
2025-12-09,14:20:15.514864,1765286415.514864,s,365.053151,s,42.0,°C
2025-12-09,14:20:15.757579,1765286415.757579,s,365.295866,s,43.0,°C
2025-12-09,14:20:16.015411,1765286416.015411,s,365.553698,s,43.0,°C
2025-12-09,14:20:16.258035,1765286416.258035,s,365.796322,s,43.0,°C
2025-12-09,14:20:16.515943,1765286416.515943,s,366.05423,s,43.0,°C
2025-12-09,14:20:16.758473,1765286416.758473,s,366.29676,s,43.0,°C
2025-12-09,14:20:17.016440,1765286417.01644,s,366.554727,s,43.0,°C
2025-12-09,14:20:17.258932,1765286417.258932,s,366.797219,s,43.0,°C
2025-12-09,14:20:17.516936,1765286417.516936,s,367.055223,s,43.0,°C
2025-12-09,14:20:17.759267,1765286417.759267,s,367.297554,s,43.0,°C
2025-12-09,14:20:18.017300,1765286418.0173,s,367.555587,s,43.0,°C
2025-12-09,14:20:18.259734,1765286418.259734,s,367.798021,s,43.0,°C
2025-12-09,14:20:18.517833,1765286418.517833,s,368.05612,s,43.0,°C
2025-12-09,14:20:18.760069,1765286418.760069,s,368.298356,s,43.0,°C
2025-12-09,14:20:19.018347,1765286419.018347,s,368.556634,s,43.0,°C
2025-12-09,14:20:19.260375,1765286419.260375,s,368.798662,s,42.0,°C
2025-12-09,14:20:19.518807,1765286419.518807,s,369.057094,s,42.0,°C
2025-12-09,14:20:19.760676,1765286419.760676,s,369.298963,s,42.0,°C
2025-12-09,14:20:20.019372,1765286420.019372,s,369.557659,s,42.0,°C
2025-12-09,14:20:20.261001,1765286420.261001,s,369.799288,s,43.0,°C
2025-12-09,14:20:20.519883,1765286420.519883,s,370.05817,s,43.0,°C
2025-12-09,14:20:20.761319,1765286420.761319,s,370.299606,s,43.0,°C
2025-12-09,14:20:21.020429,1765286421.020429,s,370.558716,s,43.0,°C
2025-12-09,14:20:21.261565,1765286421.261565,s,370.799852,s,43.0,°C
2025-12-09,14:20:21.520694,1765286421.520694,s,371.058981,s,42.0,°C
2025-12-09,14:20:21.762034,1765286421.762034,s,371.300321,s,42.0,°C
2025-12-09,14:20:22.021162,1765286422.021162,s,371.559449,s,42.0,°C
2025-12-09,14:20:22.262344,1765286422.262344,s,371.800631,s,42.0,°C
2025-12-09,14:20:22.521707,1765286422.521707,s,372.059994,s,42.0,°C
2025-12-09,14:20:22.762823,1765286422.762823,s,372.30111,s,42.0,°C
2025-12-09,14:20:23.022228,1765286423.022228,s,372.560515,s,42.0,°C
2025-12-09,14:20:23.263162,1765286423.263162,s,372.801449,s,43.0,°C
2025-12-09,14:20:23.522757,1765286423.522757,s,373.061044,s,43.0,°C
2025-12-09,14:20:23.763744,1765286423.763744,s,373.302031,s,43.0,°C
2025-12-09,14:20:24.023251,1765286424.023251,s,373.561538,s,43.0,°C
2025-12-09,14:20:24.264167,1765286424.264167,s,373.802454,s,43.0,°C
2025-12-09,14:20:24.523554,1765286424.523554,s,374.061841,s,42.0,°C
2025-12-09,14:20:24.764678,1765286424.764678,s,374.302965,s,42.0,°C
2025-12-09,14:20:25.023990,1765286425.02399,s,374.562277,s,42.0,°C
2025-12-09,14:20:25.265042,1765286425.265042,s,374.803329,s,42.0,°C
2025-12-09,14:20:25.524480,1765286425.52448,s,375.062767,s,43.0,°C
2025-12-09,14:20:25.765548,1765286425.765548,s,375.303835,s,43.0,°C
2025-12-09,14:20:26.024891,1765286426.024891,s,375.563178,s,43.0,°C
2025-12-09,14:20:26.266086,1765286426.266086,s,375.804373,s,43.0,°C
2025-12-09,14:20:26.525338,1765286426.525338,s,376.063625,s,43.0,°C
2025-12-09,14:20:26.766556,1765286426.766556,s,376.304843,s,42.0,°C
2025-12-09,14:20:27.025667,1765286427.025667,s,376.563954,s,42.0,°C
2025-12-09,14:20:27.267023,1765286427.267023,s,376.80531,s,42.0,°C
2025-12-09,14:20:27.526153,1765286427.526153,s,377.06444,s,42.0,°C
2025-12-09,14:20:27.767557,1765286427.767557,s,377.305844,s,42.0,°C
2025-12-09,14:20:28.026600,1765286428.0266,s,377.564887,s,42.0,°C
2025-12-09,14:20:28.268087,1765286428.268087,s,377.806374,s,42.0,°C
2025-12-09,14:20:28.526969,1765286428.526969,s,378.065256,s,43.0,°C
2025-12-09,14:20:28.768428,1765286428.768428,s,378.306715,s,43.0,°C
2025-12-09,14:20:29.027372,1765286429.027372,s,378.565659,s,43.0,°C
2025-12-09,14:20:29.268919,1765286429.268919,s,378.807206,s,43.0,°C
2025-12-09,14:20:29.527649,1765286429.527649,s,379.065936,s,43.0,°C
2025-12-09,14:20:29.769400,1765286429.7694,s,379.307687,s,43.0,°C
2025-12-09,14:20:30.028041,1765286430.028041,s,379.566328,s,43.0,°C
2025-12-09,14:20:30.269642,1765286430.269642,s,379.807929,s,43.0,°C
2025-12-09,14:20:30.528372,1765286430.528372,s,380.066659,s,43.0,°C
2025-12-09,14:20:30.770065,1765286430.770065,s,380.308352,s,43.0,°C
2025-12-09,14:20:31.028843,1765286431.028843,s,380.56713,s,43.0,°C
2025-12-09,14:20:31.270497,1765286431.270497,s,380.808784,s,43.0,°C
2025-12-09,14:20:31.529403,1765286431.529403,s,381.06769,s,43.0,°C
2025-12-09,14:20:31.770951,1765286431.770951,s,381.309238,s,43.0,°C
2025-12-09,14:20:32.029873,1765286432.029873,s,381.56816,s,43.0,°C
2025-12-09,14:20:32.271413,1765286432.271413,s,381.8097,s,43.0,°C
2025-12-09,14:20:32.530319,1765286432.530319,s,382.068606,s,43.0,°C
2025-12-09,14:20:32.771837,1765286432.771837,s,382.310124,s,43.0,°C
2025-12-09,14:20:33.030763,1765286433.030763,s,382.56905,s,43.0,°C
2025-12-09,14:20:33.272263,1765286433.272263,s,382.81055,s,43.0,°C
2025-12-09,14:20:33.531267,1765286433.531267,s,383.069554,s,43.0,°C
2025-12-09,14:20:33.772719,1765286433.772719,s,383.311006,s,43.0,°C
2025-12-09,14:20:34.031827,1765286434.031827,s,383.570114,s,43.0,°C
2025-12-09,14:20:34.273073,1765286434.273073,s,383.81136,s,43.0,°C
2025-12-09,14:20:34.532364,1765286434.532364,s,384.070651,s,43.0,°C
2025-12-09,14:20:34.773392,1765286434.773392,s,384.311679,s,43.0,°C
2025-12-09,14:20:35.032926,1765286435.032926,s,384.571213,s,43.0,°C
2025-12-09,14:20:35.273693,1765286435.273693,s,384.81198,s,43.0,°C
2025-12-09,14:20:35.533477,1765286435.533477,s,385.071764,s,43.0,°C
2025-12-09,14:20:35.774001,1765286435.774001,s,385.312288,s,43.0,°C
2025-12-09,14:20:36.033866,1765286436.033866,s,385.572153,s,43.0,°C
2025-12-09,14:20:36.274304,1765286436.274304,s,385.812591,s,43.0,°C
2025-12-09,14:20:36.534314,1765286436.534314,s,386.072601,s,43.0,°C
2025-12-09,14:20:36.774548,1765286436.774548,s,386.312835,s,43.0,°C
2025-12-09,14:20:37.034554,1765286437.034554,s,386.572841,s,43.0,°C
2025-12-09,14:20:37.274773,1765286437.274773,s,386.81306,s,43.0,°C
2025-12-09,14:20:37.534916,1765286437.534916,s,387.073203,s,43.0,°C
2025-12-09,14:20:37.775269,1765286437.775269,s,387.313556,s,43.0,°C
2025-12-09,14:20:38.035358,1765286438.035358,s,387.573645,s,43.0,°C
2025-12-09,14:20:38.275699,1765286438.275699,s,387.813986,s,43.0,°C
2025-12-09,14:20:38.535786,1765286438.535786,s,388.074073,s,43.0,°C
2025-12-09,14:20:38.776130,1765286438.77613,s,388.314417,s,43.0,°C
2025-12-09,14:20:39.036131,1765286439.036131,s,388.574418,s,43.0,°C
2025-12-09,14:20:39.276653,1765286439.276653,s,388.81494,s,43.0,°C
2025-12-09,14:20:39.536444,1765286439.536444,s,389.074731,s,43.0,°C
2025-12-09,14:20:39.777038,1765286439.777038,s,389.315325,s,43.0,°C
2025-12-09,14:20:40.036725,1765286440.036725,s,389.575012,s,43.0,°C
2025-12-09,14:20:40.277579,1765286440.277579,s,389.815866,s,43.0,°C
2025-12-09,14:20:40.537052,1765286440.537052,s,390.075339,s,43.0,°C
2025-12-09,14:20:40.778050,1765286440.77805,s,390.316337,s,43.0,°C
2025-12-09,14:20:41.037482,1765286441.037482,s,390.575769,s,43.0,°C
2025-12-09,14:20:41.278517,1765286441.278517,s,390.816804,s,43.0,°C
2025-12-09,14:20:41.537944,1765286441.537944,s,391.076231,s,43.0,°C
2025-12-09,14:20:41.778840,1765286441.77884,s,391.317127,s,43.0,°C
2025-12-09,14:20:42.038401,1765286442.038401,s,391.576688,s,43.0,°C
2025-12-09,14:20:42.279267,1765286442.279267,s,391.817554,s,43.0,°C
2025-12-09,14:20:42.538846,1765286442.538846,s,392.077133,s,43.0,°C
2025-12-09,14:20:42.779873,1765286442.779873,s,392.31816,s,43.0,°C
2025-12-09,14:20:43.039266,1765286443.039266,s,392.577553,s,43.0,°C
2025-12-09,14:20:43.280357,1765286443.280357,s,392.818644,s,43.0,°C
2025-12-09,14:20:43.539747,1765286443.539747,s,393.078034,s,43.0,°C
2025-12-09,14:20:43.780814,1765286443.780814,s,393.319101,s,43.0,°C
2025-12-09,14:20:44.040074,1765286444.040074,s,393.578361,s,43.0,°C
2025-12-09,14:20:44.281216,1765286444.281216,s,393.819503,s,43.0,°C
2025-12-09,14:20:44.540440,1765286444.54044,s,394.078727,s,43.0,°C
2025-12-09,14:20:44.781753,1765286444.781753,s,394.32004,s,43.0,°C
2025-12-09,14:20:45.040813,1765286445.040813,s,394.5791,s,43.0,°C
2025-12-09,14:20:45.282168,1765286445.282168,s,394.820455,s,43.0,°C
2025-12-09,14:20:45.541141,1765286445.541141,s,395.079428,s,43.0,°C
2025-12-09,14:20:45.782620,1765286445.78262,s,395.320907,s,43.0,°C
2025-12-09,14:20:46.041658,1765286446.041658,s,395.579945,s,43.0,°C
2025-12-09,14:20:46.283104,1765286446.283104,s,395.821391,s,43.0,°C
2025-12-09,14:20:46.542223,1765286446.542223,s,396.08051,s,42.0,°C
2025-12-09,14:20:46.783414,1765286446.783414,s,396.321701,s,42.0,°C
2025-12-09,14:20:47.042683,1765286447.042683,s,396.58097,s,42.0,°C
2025-12-09,14:20:47.283642,1765286447.283642,s,396.821929,s,42.0,°C
2025-12-09,14:20:47.543167,1765286447.543167,s,397.081454,s,42.0,°C
2025-12-09,14:20:47.783962,1765286447.783962,s,397.322249,s,43.0,°C
2025-12-09,14:20:48.043699,1765286448.043699,s,397.581986,s,43.0,°C
2025-12-09,14:20:48.284275,1765286448.284275,s,397.822562,s,43.0,°C
2025-12-09,14:20:48.544167,1765286448.544167,s,398.082454,s,43.0,°C
2025-12-09,14:20:48.784517,1765286448.784517,s,398.322804,s,43.0,°C
2025-12-09,14:20:49.044513,1765286449.044513,s,398.5828,s,43.0,°C
2025-12-09,14:20:49.284790,1765286449.28479,s,398.823077,s,43.0,°C
2025-12-09,14:20:49.544981,1765286449.544981,s,399.083268,s,43.0,°C
2025-12-09,14:20:49.785107,1765286449.785107,s,399.323394,s,43.0,°C
2025-12-09,14:20:50.045469,1765286450.045469,s,399.583756,s,42.0,°C
2025-12-09,14:20:50.285403,1765286450.285403,s,399.82369,s,42.0,°C
2025-12-09,14:20:50.545883,1765286450.545883,s,400.08417,s,42.0,°C
2025-12-09,14:20:50.785674,1765286450.785674,s,400.323961,s,42.0,°C
2025-12-09,14:20:51.046523,1765286451.046523,s,400.58481,s,42.0,°C
2025-12-09,14:20:51.285923,1765286451.285923,s,400.82421,s,43.0,°C
2025-12-09,14:20:51.546890,1765286451.54689,s,401.085177,s,43.0,°C
2025-12-09,14:20:51.786328,1765286451.786328,s,401.324615,s,43.0,°C
2025-12-09,14:20:52.047235,1765286452.047235,s,401.585522,s,43.0,°C
2025-12-09,14:20:52.286561,1765286452.286561,s,401.824848,s,43.0,°C
2025-12-09,14:20:52.547484,1765286452.547484,s,402.085771,s,43.0,°C
2025-12-09,14:20:52.786774,1765286452.786774,s,402.325061,s,43.0,°C
2025-12-09,14:20:53.047821,1765286453.047821,s,402.586108,s,43.0,°C
2025-12-09,14:20:53.287232,1765286453.287232,s,402.825519,s,43.0,°C
2025-12-09,14:20:53.548266,1765286453.548266,s,403.086553,s,43.0,°C
2025-12-09,14:20:53.787738,1765286453.787738,s,403.326025,s,43.0,°C
2025-12-09,14:20:54.048547,1765286454.048547,s,403.586834,s,43.0,°C
2025-12-09,14:20:54.288126,1765286454.288126,s,403.826413,s,43.0,°C
2025-12-09,14:20:54.549057,1765286454.549057,s,404.087344,s,43.0,°C
2025-12-09,14:20:54.788635,1765286454.788635,s,404.326922,s,43.0,°C
2025-12-09,14:20:55.049355,1765286455.049355,s,404.587642,s,43.0,°C
2025-12-09,14:20:55.289028,1765286455.289028,s,404.827315,s,43.0,°C
2025-12-09,14:20:55.549604,1765286455.549604,s,405.087891,s,43.0,°C
2025-12-09,14:20:55.789504,1765286455.789504,s,405.327791,s,43.0,°C
2025-12-09,14:20:56.049987,1765286456.049987,s,405.588274,s,43.0,°C
2025-12-09,14:20:56.289998,1765286456.289998,s,405.828285,s,43.0,°C
2025-12-09,14:20:56.550475,1765286456.550475,s,406.088762,s,43.0,°C
2025-12-09,14:20:56.790401,1765286456.790401,s,406.328688,s,43.0,°C
2025-12-09,14:20:57.051034,1765286457.051034,s,406.589321,s,43.0,°C
2025-12-09,14:20:57.290894,1765286457.290894,s,406.829181,s,43.0,°C
2025-12-09,14:20:57.551565,1765286457.551565,s,407.089852,s,43.0,°C
2025-12-09,14:20:57.791448,1765286457.791448,s,407.329735,s,43.0,°C
2025-12-09,14:20:58.052075,1765286458.052075,s,407.590362,s,43.0,°C
2025-12-09,14:20:58.292061,1765286458.292061,s,407.830348,s,43.0,°C
2025-12-09,14:20:58.552355,1765286458.552355,s,408.090642,s,43.0,°C
2025-12-09,14:20:58.792570,1765286458.79257,s,408.330857,s,43.0,°C
2025-12-09,14:20:59.052719,1765286459.052719,s,408.591006,s,43.0,°C
2025-12-09,14:20:59.293024,1765286459.293024,s,408.831311,s,43.0,°C
2025-12-09,14:20:59.553046,1765286459.553046,s,409.091333,s,43.0,°C
2025-12-09,14:20:59.793466,1765286459.793466,s,409.331753,s,43.0,°C
2025-12-09,14:21:00.053570,1765286460.05357,s,409.591857,s,43.0,°C
2025-12-09,14:21:00.293799,1765286460.293799,s,409.832086,s,43.0,°C
2025-12-09,14:21:00.554077,1765286460.554077,s,410.092364,s,43.0,°C
2025-12-09,14:21:00.794203,1765286460.794203,s,410.33249,s,43.0,°C
2025-12-09,14:21:01.054642,1765286461.054642,s,410.592929,s,43.0,°C
2025-12-09,14:21:01.294488,1765286461.294488,s,410.832775,s,43.0,°C
2025-12-09,14:21:01.555137,1765286461.555137,s,411.093424,s,43.0,°C
2025-12-09,14:21:01.794831,1765286461.794831,s,411.333118,s,43.0,°C
2025-12-09,14:21:02.055622,1765286462.055622,s,411.593909,s,43.0,°C
2025-12-09,14:21:02.295171,1765286462.295171,s,411.833458,s,43.0,°C
2025-12-09,14:21:02.555999,1765286462.555999,s,412.094286,s,43.0,°C
2025-12-09,14:21:02.795642,1765286462.795642,s,412.333929,s,42.0,°C
2025-12-09,14:21:03.056389,1765286463.056389,s,412.594676,s,42.0,°C
2025-12-09,14:21:03.296086,1765286463.296086,s,412.834373,s,42.0,°C
2025-12-09,14:21:03.556809,1765286463.556809,s,413.095096,s,42.0,°C
2025-12-09,14:21:03.796396,1765286463.796396,s,413.334683,s,43.0,°C
2025-12-09,14:21:04.057223,1765286464.057223,s,413.59551,s,43.0,°C
2025-12-09,14:21:04.296699,1765286464.296699,s,413.834986,s,43.0,°C
2025-12-09,14:21:04.557716,1765286464.557716,s,414.096003,s,43.0,°C
2025-12-09,14:21:04.797002,1765286464.797002,s,414.335289,s,43.0,°C
2025-12-09,14:21:05.058099,1765286465.058099,s,414.596386,s,43.0,°C
2025-12-09,14:21:05.297304,1765286465.297304,s,414.835591,s,43.0,°C
2025-12-09,14:21:05.558461,1765286465.558461,s,415.096748,s,43.0,°C
2025-12-09,14:21:05.797524,1765286465.797524,s,415.335811,s,43.0,°C
2025-12-09,14:21:06.058917,1765286466.058917,s,415.597204,s,43.0,°C
2025-12-09,14:21:06.297932,1765286466.297932,s,415.836219,s,43.0,°C
2025-12-09,14:21:06.559415,1765286466.559415,s,416.097702,s,43.0,°C
2025-12-09,14:21:06.798481,1765286466.798481,s,416.336768,s,43.0,°C
2025-12-09,14:21:07.059932,1765286467.059932,s,416.598219,s,43.0,°C
2025-12-09,14:21:07.298878,1765286467.298878,s,416.837165,s,43.0,°C
2025-12-09,14:21:07.560472,1765286467.560472,s,417.098759,s,43.0,°C
2025-12-09,14:21:07.799357,1765286467.799357,s,417.337644,s,43.0,°C
2025-12-09,14:21:08.060957,1765286468.060957,s,417.599244,s,43.0,°C
2025-12-09,14:21:08.299738,1765286468.299738,s,417.838025,s,43.0,°C
2025-12-09,14:21:08.561466,1765286468.561466,s,418.099753,s,43.0,°C
2025-12-09,14:21:08.800306,1765286468.800306,s,418.338593,s,43.0,°C
2025-12-09,14:21:09.061981,1765286469.061981,s,418.600268,s,43.0,°C
2025-12-09,14:21:09.300785,1765286469.300785,s,418.839072,s,43.0,°C
2025-12-09,14:21:09.562352,1765286469.562352,s,419.100639,s,43.0,°C
2025-12-09,14:21:09.801316,1765286469.801316,s,419.339603,s,43.0,°C
2025-12-09,14:21:10.062706,1765286470.062706,s,419.600993,s,43.0,°C
2025-12-09,14:21:10.301852,1765286470.301852,s,419.840139,s,43.0,°C
2025-12-09,14:21:10.563064,1765286470.563064,s,420.101351,s,43.0,°C
2025-12-09,14:21:10.802323,1765286470.802323,s,420.34061,s,43.0,°C
2025-12-09,14:21:11.063422,1765286471.063422,s,420.601709,s,43.0,°C
2025-12-09,14:21:11.302819,1765286471.302819,s,420.841106,s,43.0,°C
2025-12-09,14:21:11.563799,1765286471.563799,s,421.102086,s,43.0,°C
2025-12-09,14:21:11.803334,1765286471.803334,s,421.341621,s,43.0,°C
2025-12-09,14:21:12.064086,1765286472.064086,s,421.602373,s,43.0,°C
2025-12-09,14:21:12.303681,1765286472.303681,s,421.841968,s,43.0,°C
2025-12-09,14:21:12.564319,1765286472.564319,s,422.102606,s,43.0,°C
2025-12-09,14:21:12.803927,1765286472.803927,s,422.342214,s,43.0,°C
2025-12-09,14:21:13.064715,1765286473.064715,s,422.603002,s,43.0,°C
2025-12-09,14:21:13.304517,1765286473.304517,s,422.842804,s,43.0,°C
2025-12-09,14:21:13.565220,1765286473.56522,s,423.103507,s,43.0,°C
2025-12-09,14:21:13.805029,1765286473.805029,s,423.343316,s,43.0,°C
2025-12-09,14:21:14.065610,1765286474.06561,s,423.603897,s,43.0,°C
2025-12-09,14:21:14.305530,1765286474.30553,s,423.843817,s,43.0,°C
2025-12-09,14:21:14.565941,1765286474.565941,s,424.104228,s,43.0,°C
2025-12-09,14:21:14.805964,1765286474.805964,s,424.344251,s,43.0,°C
2025-12-09,14:21:15.066344,1765286475.066344,s,424.604631,s,43.0,°C
2025-12-09,14:21:15.306390,1765286475.30639,s,424.844677,s,43.0,°C
2025-12-09,14:21:15.566575,1765286475.566575,s,425.104862,s,43.0,°C
2025-12-09,14:21:15.806846,1765286475.806846,s,425.345133,s,43.0,°C
2025-12-09,14:21:16.066982,1765286476.066982,s,425.605269,s,43.0,°C
2025-12-09,14:21:16.307252,1765286476.307252,s,425.845539,s,43.0,°C
2025-12-09,14:21:16.567454,1765286476.567454,s,426.105741,s,43.0,°C
2025-12-09,14:21:16.807500,1765286476.8075,s,426.345787,s,43.0,°C
2025-12-09,14:21:17.067960,1765286477.06796,s,426.606247,s,43.0,°C
2025-12-09,14:21:17.307875,1765286477.307875,s,426.846162,s,43.0,°C
2025-12-09,14:21:17.568309,1765286477.568309,s,427.106596,s,43.0,°C
2025-12-09,14:21:17.808206,1765286477.808206,s,427.346493,s,43.0,°C
2025-12-09,14:21:18.068809,1765286478.068809,s,427.607096,s,43.0,°C
2025-12-09,14:21:18.308483,1765286478.308483,s,427.84677,s,43.0,°C
2025-12-09,14:21:18.569323,1765286478.569323,s,428.10761,s,43.0,°C
2025-12-09,14:21:18.808822,1765286478.808822,s,428.347109,s,43.0,°C
2025-12-09,14:21:19.069589,1765286479.069589,s,428.607876,s,43.0,°C
2025-12-09,14:21:19.309131,1765286479.309131,s,428.847418,s,43.0,°C
2025-12-09,14:21:19.570030,1765286479.57003,s,429.108317,s,43.0,°C
2025-12-09,14:21:19.809383,1765286479.809383,s,429.34767,s,43.0,°C
2025-12-09,14:21:20.070559,1765286480.070559,s,429.608846,s,43.0,°C
2025-12-09,14:21:20.309596,1765286480.309596,s,429.847883,s,43.0,°C
2025-12-09,14:21:20.571107,1765286480.571107,s,430.109394,s,43.0,°C
2025-12-09,14:21:20.809895,1765286480.809895,s,430.348182,s,43.0,°C
2025-12-09,14:21:21.071444,1765286481.071444,s,430.609731,s,43.0,°C
2025-12-09,14:21:21.310147,1765286481.310147,s,430.848434,s,43.0,°C
2025-12-09,14:21:21.571832,1765286481.571832,s,431.110119,s,43.0,°C
2025-12-09,14:21:21.810606,1765286481.810606,s,431.348893,s,43.0,°C
2025-12-09,14:21:22.072336,1765286482.072336,s,431.610623,s,43.0,°C
2025-12-09,14:21:22.311122,1765286482.311122,s,431.849409,s,43.0,°C
2025-12-09,14:21:22.572793,1765286482.572793,s,432.11108,s,43.0,°C
2025-12-09,14:21:22.811617,1765286482.811617,s,432.349904,s,43.0,°C
2025-12-09,14:21:23.073246,1765286483.073246,s,432.611533,s,43.0,°C
2025-12-09,14:21:23.312009,1765286483.312009,s,432.850296,s,43.0,°C
2025-12-09,14:21:23.573790,1765286483.57379,s,433.112077,s,43.0,°C
2025-12-09,14:21:23.812520,1765286483.81252,s,433.350807,s,43.0,°C
2025-12-09,14:21:24.074311,1765286484.074311,s,433.612598,s,43.0,°C
2025-12-09,14:21:24.313054,1765286484.313054,s,433.851341,s,43.0,°C
2025-12-09,14:21:24.574613,1765286484.574613,s,434.1129,s,43.0,°C
2025-12-09,14:21:24.813608,1765286484.813608,s,434.351895,s,43.0,°C
2025-12-09,14:21:25.074891,1765286485.074891,s,434.613178,s,43.0,°C
2025-12-09,14:21:25.314074,1765286485.314074,s,434.852361,s,43.0,°C
2025-12-09,14:21:25.575334,1765286485.575334,s,435.113621,s,43.0,°C
2025-12-09,14:21:25.814599,1765286485.814599,s,435.352886,s,43.0,°C
2025-12-09,14:21:26.075785,1765286486.075785,s,435.614072,s,43.0,°C
2025-12-09,14:21:26.315017,1765286486.315017,s,435.853304,s,43.0,°C
2025-12-09,14:21:26.576075,1765286486.576075,s,436.114362,s,43.0,°C
2025-12-09,14:21:26.815458,1765286486.815458,s,436.353745,s,43.0,°C
2025-12-09,14:21:27.076576,1765286487.076576,s,436.614863,s,43.0,°C
2025-12-09,14:21:27.315948,1765286487.315948,s,436.854235,s,43.0,°C
2025-12-09,14:21:27.577054,1765286487.577054,s,437.115341,s,43.0,°C
2025-12-09,14:21:27.816494,1765286487.816494,s,437.354781,s,43.0,°C
2025-12-09,14:21:28.077577,1765286488.077577,s,437.615864,s,43.0,°C
2025-12-09,14:21:28.317006,1765286488.317006,s,437.855293,s,43.0,°C
2025-12-09,14:21:28.577912,1765286488.577912,s,438.116199,s,43.0,°C
2025-12-09,14:21:28.817569,1765286488.817569,s,438.355856,s,43.0,°C
2025-12-09,14:21:29.078298,1765286489.078298,s,438.616585,s,43.0,°C
2025-12-09,14:21:29.318118,1765286489.318118,s,438.856405,s,43.0,°C
2025-12-09,14:21:29.578634,1765286489.578634,s,439.116921,s,43.0,°C
2025-12-09,14:21:29.818606,1765286489.818606,s,439.356893,s,43.0,°C
2025-12-09,14:21:30.079027,1765286490.079027,s,439.617314,s,43.0,°C
2025-12-09,14:21:30.318945,1765286490.318945,s,439.857232,s,43.0,°C
2025-12-09,14:21:30.579352,1765286490.579352,s,440.117639,s,43.0,°C
2025-12-09,14:21:30.819387,1765286490.819387,s,440.357674,s,43.0,°C
2025-12-09,14:21:31.079588,1765286491.079588,s,440.617875,s,43.0,°C
2025-12-09,14:21:31.319813,1765286491.319813,s,440.8581,s,43.0,°C
2025-12-09,14:21:31.579916,1765286491.579916,s,441.118203,s,43.0,°C
2025-12-09,14:21:31.820265,1765286491.820265,s,441.358552,s,43.0,°C
2025-12-09,14:21:32.080258,1765286492.080258,s,441.618545,s,43.0,°C
2025-12-09,14:21:32.320735,1765286492.320735,s,441.859022,s,43.0,°C
2025-12-09,14:21:32.580712,1765286492.580712,s,442.118999,s,43.0,°C
2025-12-09,14:21:32.821219,1765286492.821219,s,442.359506,s,43.0,°C
2025-12-09,14:21:33.081116,1765286493.081116,s,442.619403,s,43.0,°C
2025-12-09,14:21:33.321493,1765286493.321493,s,442.85978,s,43.0,°C
2025-12-09,14:21:33.581646,1765286493.581646,s,443.119933,s,43.0,°C
2025-12-09,14:21:33.821834,1765286493.821834,s,443.360121,s,43.0,°C
2025-12-09,14:21:34.082015,1765286494.082015,s,443.620302,s,43.0,°C
2025-12-09,14:21:34.322171,1765286494.322171,s,443.860458,s,43.0,°C
2025-12-09,14:21:34.582531,1765286494.582531,s,444.120818,s,43.0,°C
2025-12-09,14:21:34.822387,1765286494.822387,s,444.360674,s,43.0,°C
2025-12-09,14:21:35.083001,1765286495.083001,s,444.621288,s,43.0,°C
2025-12-09,14:21:35.322682,1765286495.322682,s,444.860969,s,43.0,°C
2025-12-09,14:21:35.583352,1765286495.583352,s,445.121639,s,43.0,°C
2025-12-09,14:21:35.822978,1765286495.822978,s,445.361265,s,43.0,°C
2025-12-09,14:21:36.083885,1765286496.083885,s,445.622172,s,43.0,°C
2025-12-09,14:21:36.323291,1765286496.323291,s,445.861578,s,43.0,°C
2025-12-09,14:21:36.584152,1765286496.584152,s,446.122439,s,43.0,°C
2025-12-09,14:21:36.823502,1765286496.823502,s,446.361789,s,43.0,°C
2025-12-09,14:21:37.084657,1765286497.084657,s,446.622944,s,43.0,°C
2025-12-09,14:21:37.323852,1765286497.323852,s,446.862139,s,43.0,°C
2025-12-09,14:21:37.585118,1765286497.585118,s,447.123405,s,43.0,°C
2025-12-09,14:21:37.824348,1765286497.824348,s,447.362635,s,43.0,°C
2025-12-09,14:21:38.085448,1765286498.085448,s,447.623735,s,43.0,°C
2025-12-09,14:21:38.324760,1765286498.32476,s,447.863047,s,43.0,°C
2025-12-09,14:21:38.585800,1765286498.5858,s,448.124087,s,43.0,°C
2025-12-09,14:21:38.825313,1765286498.825313,s,448.3636,s,43.0,°C
2025-12-09,14:21:39.086145,1765286499.086145,s,448.624432,s,43.0,°C
2025-12-09,14:21:39.325673,1765286499.325673,s,448.86396,s,43.0,°C
2025-12-09,14:21:39.586419,1765286499.586419,s,449.124706,s,43.0,°C
2025-12-09,14:21:39.826101,1765286499.826101,s,449.364388,s,43.0,°C
2025-12-09,14:21:40.086664,1765286500.086664,s,449.624951,s,43.0,°C
2025-12-09,14:21:40.326625,1765286500.326625,s,449.864912,s,43.0,°C
2025-12-09,14:21:40.587016,1765286500.587016,s,450.125303,s,43.0,°C
2025-12-09,14:21:40.826954,1765286500.826954,s,450.365241,s,43.0,°C
2025-12-09,14:21:41.087337,1765286501.087337,s,450.625624,s,43.0,°C
2025-12-09,14:21:41.327408,1765286501.327408,s,450.865695,s,43.0,°C
2025-12-09,14:21:41.587571,1765286501.587571,s,451.125858,s,42.0,°C
2025-12-09,14:21:41.827903,1765286501.827903,s,451.36619,s,42.0,°C
2025-12-09,14:21:42.087958,1765286502.087958,s,451.626245,s,42.0,°C
2025-12-09,14:21:42.328338,1765286502.328338,s,451.866625,s,42.0,°C
2025-12-09,14:21:42.588337,1765286502.588337,s,452.126624,s,42.0,°C
2025-12-09,14:21:42.828587,1765286502.828587,s,452.366874,s,43.0,°C
2025-12-09,14:21:43.088706,1765286503.088706,s,452.626993,s,43.0,°C
2025-12-09,14:21:43.329077,1765286503.329077,s,452.867364,s,43.0,°C
2025-12-09,14:21:43.589175,1765286503.589175,s,453.127462,s,43.0,°C
2025-12-09,14:21:43.829571,1765286503.829571,s,453.367858,s,43.0,°C
2025-12-09,14:21:44.089417,1765286504.089417,s,453.627704,s,43.0,°C
2025-12-09,14:21:44.329929,1765286504.329929,s,453.868216,s,43.0,°C
2025-12-09,14:21:44.589876,1765286504.589876,s,454.128163,s,43.0,°C
2025-12-09,14:21:44.830263,1765286504.830263,s,454.36855,s,43.0,°C
2025-12-09,14:21:45.090196,1765286505.090196,s,454.628483,s,43.0,°C
2025-12-09,14:21:45.330522,1765286505.330522,s,454.868809,s,43.0,°C
2025-12-09,14:21:45.590449,1765286505.590449,s,455.128736,s,43.0,°C
2025-12-09,14:21:45.830878,1765286505.830878,s,455.369165,s,43.0,°C
2025-12-09,14:21:46.090748,1765286506.090748,s,455.629035,s,43.0,°C
2025-12-09,14:21:46.331257,1765286506.331257,s,455.869544,s,43.0,°C
2025-12-09,14:21:46.591076,1765286506.591076,s,456.129363,s,43.0,°C
2025-12-09,14:21:46.831677,1765286506.831677,s,456.369964,s,43.0,°C
2025-12-09,14:21:47.091410,1765286507.09141,s,456.629697,s,43.0,°C
2025-12-09,14:21:47.332094,1765286507.332094,s,456.870381,s,43.0,°C
2025-12-09,14:21:47.591782,1765286507.591782,s,457.130069,s,43.0,°C
2025-12-09,14:21:47.832405,1765286507.832405,s,457.370692,s,43.0,°C
2025-12-09,14:21:48.092292,1765286508.092292,s,457.630579,s,43.0,°C
2025-12-09,14:21:48.332831,1765286508.332831,s,457.871118,s,43.0,°C
2025-12-09,14:21:48.592566,1765286508.592566,s,458.130853,s,43.0,°C
2025-12-09,14:21:48.833153,1765286508.833153,s,458.37144,s,43.0,°C
2025-12-09,14:21:49.092820,1765286509.09282,s,458.631107,s,43.0,°C
2025-12-09,14:21:49.333492,1765286509.333492,s,458.871779,s,43.0,°C
2025-12-09,14:21:49.593366,1765286509.593366,s,459.131653,s,43.0,°C
2025-12-09,14:21:49.833830,1765286509.83383,s,459.372117,s,43.0,°C
2025-12-09,14:21:50.093806,1765286510.093806,s,459.632093,s,42.0,°C
2025-12-09,14:21:50.334168,1765286510.334168,s,459.872455,s,42.0,°C
2025-12-09,14:21:50.594302,1765286510.594302,s,460.132589,s,42.0,°C
2025-12-09,14:21:50.834414,1765286510.834414,s,460.372701,s,42.0,°C
2025-12-09,14:21:51.094582,1765286511.094582,s,460.632869,s,42.0,°C
2025-12-09,14:21:51.334701,1765286511.334701,s,460.872988,s,43.0,°C
2025-12-09,14:21:51.595049,1765286511.595049,s,461.133336,s,43.0,°C
2025-12-09,14:21:51.834960,1765286511.83496,s,461.373247,s,43.0,°C
2025-12-09,14:21:52.095394,1765286512.095394,s,461.633681,s,43.0,°C
2025-12-09,14:21:52.335252,1765286512.335252,s,461.873539,s,42.0,°C
2025-12-09,14:21:52.595648,1765286512.595648,s,462.133935,s,42.0,°C
2025-12-09,14:21:52.835470,1765286512.83547,s,462.373757,s,42.0,°C
2025-12-09,14:21:53.096168,1765286513.096168,s,462.634455,s,42.0,°C
2025-12-09,14:21:53.336011,1765286513.336011,s,462.874298,s,42.0,°C
2025-12-09,14:21:53.596672,1765286513.596672,s,463.134959,s,43.0,°C
2025-12-09,14:21:53.836502,1765286513.836502,s,463.374789,s,43.0,°C
2025-12-09,14:21:54.097162,1765286514.097162,s,463.635449,s,43.0,°C
2025-12-09,14:21:54.337101,1765286514.337101,s,463.875388,s,43.0,°C
2025-12-09,14:21:54.597614,1765286514.597614,s,464.135901,s,43.0,°C
2025-12-09,14:21:54.837450,1765286514.83745,s,464.375737,s,43.0,°C
2025-12-09,14:21:55.097968,1765286515.097968,s,464.636255,s,43.0,°C
2025-12-09,14:21:55.337880,1765286515.33788,s,464.876167,s,43.0,°C
2025-12-09,14:21:55.598450,1765286515.59845,s,465.136737,s,43.0,°C
2025-12-09,14:21:55.838264,1765286515.838264,s,465.376551,s,43.0,°C
2025-12-09,14:21:56.098955,1765286516.098955,s,465.637242,s,43.0,°C
2025-12-09,14:21:56.338554,1765286516.338554,s,465.876841,s,43.0,°C
2025-12-09,14:21:56.599466,1765286516.599466,s,466.137753,s,43.0,°C
2025-12-09,14:21:56.838963,1765286516.838963,s,466.37725,s,43.0,°C
2025-12-09,14:21:57.099909,1765286517.099909,s,466.638196,s,43.0,°C
2025-12-09,14:21:57.339417,1765286517.339417,s,466.877704,s,43.0,°C
2025-12-09,14:21:57.600334,1765286517.600334,s,467.138621,s,42.0,°C
2025-12-09,14:21:57.839874,1765286517.839874,s,467.378161,s,42.0,°C
2025-12-09,14:21:58.100573,1765286518.100573,s,467.63886,s,42.0,°C
2025-12-09,14:21:58.340325,1765286518.340325,s,467.878612,s,42.0,°C
2025-12-09,14:21:58.600908,1765286518.600908,s,468.139195,s,42.0,°C
2025-12-09,14:21:58.840858,1765286518.840858,s,468.379145,s,43.0,°C
2025-12-09,14:21:59.101242,1765286519.101242,s,468.639529,s,43.0,°C
2025-12-09,14:21:59.341231,1765286519.341231,s,468.879518,s,43.0,°C
2025-12-09,14:21:59.601593,1765286519.601593,s,469.13988,s,43.0,°C
2025-12-09,14:21:59.841686,1765286519.841686,s,469.379973,s,43.0,°C
2025-12-09,14:22:00.101925,1765286520.101925,s,469.640212,s,43.0,°C
2025-12-09,14:22:00.342128,1765286520.342128,s,469.880415,s,43.0,°C
2025-12-09,14:22:00.602272,1765286520.602272,s,470.140559,s,42.0,°C
2025-12-09,14:22:00.842536,1765286520.842536,s,470.380823,s,42.0,°C
2025-12-09,14:22:01.102553,1765286521.102553,s,470.64084,s,42.0,°C
2025-12-09,14:22:01.342978,1765286521.342978,s,470.881265,s,42.0,°C
2025-12-09,14:22:01.602944,1765286521.602944,s,471.141231,s,43.0,°C
2025-12-09,14:22:01.843311,1765286521.843311,s,471.381598,s,43.0,°C
2025-12-09,14:22:02.103305,1765286522.103305,s,471.641592,s,43.0,°C
2025-12-09,14:22:02.343718,1765286522.343718,s,471.882005,s,43.0,°C
2025-12-09,14:22:02.603743,1765286522.603743,s,472.14203,s,43.0,°C
2025-12-09,14:22:02.844048,1765286522.844048,s,472.382335,s,42.0,°C
2025-12-09,14:22:03.104271,1765286523.104271,s,472.642558,s,42.0,°C
2025-12-09,14:22:03.344377,1765286523.344377,s,472.882664,s,42.0,°C
2025-12-09,14:22:03.604775,1765286523.604775,s,473.143062,s,42.0,°C
2025-12-09,14:22:03.844649,1765286523.844649,s,473.382936,s,42.0,°C
2025-12-09,14:22:04.105026,1765286524.105026,s,473.643313,s,43.0,°C
2025-12-09,14:22:04.344879,1765286524.344879,s,473.883166,s,43.0,°C
2025-12-09,14:22:04.605454,1765286524.605454,s,474.143741,s,42.0,°C
2025-12-09,14:22:04.845193,1765286524.845193,s,474.38348,s,42.0,°C
2025-12-09,14:22:05.105938,1765286525.105938,s,474.644225,s,42.0,°C
2025-12-09,14:22:05.345445,1765286525.345445,s,474.883732,s,42.0,°C
2025-12-09,14:22:05.606391,1765286525.606391,s,475.144678,s,42.0,°C
2025-12-09,14:22:05.845828,1765286525.845828,s,475.384115,s,43.0,°C
2025-12-09,14:22:06.106901,1765286526.106901,s,475.645188,s,43.0,°C
2025-12-09,14:22:06.346158,1765286526.346158,s,475.884445,s,43.0,°C
2025-12-09,14:22:06.607372,1765286526.607372,s,476.145659,s,43.0,°C
2025-12-09,14:22:06.846363,1765286526.846363,s,476.38465,s,43.0,°C
2025-12-09,14:22:07.107837,1765286527.107837,s,476.646124,s,43.0,°C
2025-12-09,14:22:07.346887,1765286527.346887,s,476.885174,s,43.0,°C
2025-12-09,14:22:07.608331,1765286527.608331,s,477.146618,s,43.0,°C
2025-12-09,14:22:07.847350,1765286527.84735,s,477.385637,s,43.0,°C
2025-12-09,14:22:08.108810,1765286528.10881,s,477.647097,s,43.0,°C
2025-12-09,14:22:08.347870,1765286528.34787,s,477.886157,s,43.0,°C
2025-12-09,14:22:08.609055,1765286528.609055,s,478.147342,s,43.0,°C
2025-12-09,14:22:08.848423,1765286528.848423,s,478.38671,s,42.0,°C
2025-12-09,14:22:09.109573,1765286529.109573,s,478.64786,s,42.0,°C
2025-12-09,14:22:09.348909,1765286529.348909,s,478.887196,s,42.0,°C
2025-12-09,14:22:09.609923,1765286529.609923,s,479.14821,s,42.0,°C
2025-12-09,14:22:09.849401,1765286529.849401,s,479.387688,s,42.0,°C
2025-12-09,14:22:10.110421,1765286530.110421,s,479.648708,s,42.0,°C
2025-12-09,14:22:10.349874,1765286530.349874,s,479.888161,s,43.0,°C
2025-12-09,14:22:10.610891,1765286530.610891,s,480.149178,s,43.0,°C
2025-12-09,14:22:10.850226,1765286530.850226,s,480.388513,s,43.0,°C
2025-12-09,14:22:11.111353,1765286531.111353,s,480.64964,s,43.0,°C
2025-12-09,14:22:11.350680,1765286531.35068,s,480.888967,s,43.0,°C
2025-12-09,14:22:11.611814,1765286531.611814,s,481.150101,s,43.0,°C
2025-12-09,14:22:11.851171,1765286531.851171,s,481.389458,s,43.0,°C
2025-12-09,14:22:12.112279,1765286532.112279,s,481.650566,s,43.0,°C
2025-12-09,14:22:12.351453,1765286532.351453,s,481.88974,s,43.0,°C
2025-12-09,14:22:12.612722,1765286532.612722,s,482.151009,s,43.0,°C
2025-12-09,14:22:12.851906,1765286532.851906,s,482.390193,s,43.0,°C
2025-12-09,14:22:13.112973,1765286533.112973,s,482.65126,s,43.0,°C
2025-12-09,14:22:13.352237,1765286533.352237,s,482.890524,s,43.0,°C
2025-12-09,14:22:13.613348,1765286533.613348,s,483.151635,s,43.0,°C
2025-12-09,14:22:13.852711,1765286533.852711,s,483.390998,s,43.0,°C
2025-12-09,14:22:14.113572,1765286534.113572,s,483.651859,s,43.0,°C
2025-12-09,14:22:14.352992,1765286534.352992,s,483.891279,s,43.0,°C
2025-12-09,14:22:14.613903,1765286534.613903,s,484.15219,s,43.0,°C
2025-12-09,14:22:14.853393,1765286534.853393,s,484.39168,s,43.0,°C
2025-12-09,14:22:15.114230,1765286535.11423,s,484.652517,s,43.0,°C
2025-12-09,14:22:15.353637,1765286535.353637,s,484.891924,s,43.0,°C
2025-12-09,14:22:15.614487,1765286535.614487,s,485.152774,s,43.0,°C
2025-12-09,14:22:15.854061,1765286535.854061,s,485.392348,s,43.0,°C
2025-12-09,14:22:16.114795,1765286536.114795,s,485.653082,s,43.0,°C
2025-12-09,14:22:16.354472,1765286536.354472,s,485.892759,s,43.0,°C
2025-12-09,14:22:16.615233,1765286536.615233,s,486.15352,s,43.0,°C
2025-12-09,14:22:16.854712,1765286536.854712,s,486.392999,s,43.0,°C
2025-12-09,14:22:17.115766,1765286537.115766,s,486.654053,s,43.0,°C
2025-12-09,14:22:17.355180,1765286537.35518,s,486.893467,s,43.0,°C
2025-12-09,14:22:17.616296,1765286537.616296,s,487.154583,s,43.0,°C
2025-12-09,14:22:17.855548,1765286537.855548,s,487.393835,s,43.0,°C
2025-12-09,14:22:18.116850,1765286538.11685,s,487.655137,s,43.0,°C
2025-12-09,14:22:18.355985,1765286538.355985,s,487.894272,s,43.0,°C
2025-12-09,14:22:18.617390,1765286538.61739,s,488.155677,s,43.0,°C
2025-12-09,14:22:18.856352,1765286538.856352,s,488.394639,s,43.0,°C
2025-12-09,14:22:19.117936,1765286539.117936,s,488.656223,s,43.0,°C
2025-12-09,14:22:19.356600,1765286539.3566,s,488.894887,s,43.0,°C
2025-12-09,14:22:19.618406,1765286539.618406,s,489.156693,s,43.0,°C
2025-12-09,14:22:19.856939,1765286539.856939,s,489.395226,s,43.0,°C
2025-12-09,14:22:20.118798,1765286540.118798,s,489.657085,s,43.0,°C
2025-12-09,14:22:20.357296,1765286540.357296,s,489.895583,s,43.0,°C
2025-12-09,14:22:20.619173,1765286540.619173,s,490.15746,s,43.0,°C
2025-12-09,14:22:20.857543,1765286540.857543,s,490.39583,s,43.0,°C
2025-12-09,14:22:21.119742,1765286541.119742,s,490.658029,s,43.0,°C
2025-12-09,14:22:21.357887,1765286541.357887,s,490.896174,s,43.0,°C
2025-12-09,14:22:21.620128,1765286541.620128,s,491.158415,s,43.0,°C
2025-12-09,14:22:21.858227,1765286541.858227,s,491.396514,s,43.0,°C
2025-12-09,14:22:22.120663,1765286542.120663,s,491.65895,s,43.0,°C
2025-12-09,14:22:22.358645,1765286542.358645,s,491.896932,s,43.0,°C
2025-12-09,14:22:22.621071,1765286542.621071,s,492.159358,s,43.0,°C
2025-12-09,14:22:22.858870,1765286542.85887,s,492.397157,s,43.0,°C
2025-12-09,14:22:23.121542,1765286543.121542,s,492.659829,s,43.0,°C
2025-12-09,14:22:23.359313,1765286543.359313,s,492.8976,s,43.0,°C
2025-12-09,14:22:23.622004,1765286543.622004,s,493.160291,s,43.0,°C
2025-12-09,14:22:23.859834,1765286543.859834,s,493.398121,s,43.0,°C
2025-12-09,14:22:24.122410,1765286544.12241,s,493.660697,s,43.0,°C
2025-12-09,14:22:24.360311,1765286544.360311,s,493.898598,s,42.0,°C
2025-12-09,14:22:24.622919,1765286544.622919,s,494.161206,s,42.0,°C
2025-12-09,14:22:24.860788,1765286544.860788,s,494.399075,s,42.0,°C
2025-12-09,14:22:25.123305,1765286545.123305,s,494.661592,s,42.0,°C
2025-12-09,14:22:25.361219,1765286545.361219,s,494.899506,s,43.0,°C
2025-12-09,14:22:25.623581,1765286545.623581,s,495.161868,s,43.0,°C
2025-12-09,14:22:25.861675,1765286545.861675,s,495.399962,s,43.0,°C
2025-12-09,14:22:26.124037,1765286546.124037,s,495.662324,s,43.0,°C
2025-12-09,14:22:26.362008,1765286546.362008,s,495.900295,s,43.0,°C
2025-12-09,14:22:26.624503,1765286546.624503,s,496.16279,s,43.0,°C
2025-12-09,14:22:26.862582,1765286546.862582,s,496.400869,s,43.0,°C
2025-12-09,14:22:27.124951,1765286547.124951,s,496.663238,s,43.0,°C
2025-12-09,14:22:27.363048,1765286547.363048,s,496.901335,s,43.0,°C
2025-12-09,14:22:27.625238,1765286547.625238,s,497.163525,s,43.0,°C
2025-12-09,14:22:27.863545,1765286547.863545,s,497.401832,s,43.0,°C
2025-12-09,14:22:28.125488,1765286548.125488,s,497.663775,s,43.0,°C
2025-12-09,14:22:28.364011,1765286548.364011,s,497.902298,s,43.0,°C
2025-12-09,14:22:28.625902,1765286548.625902,s,498.164189,s,43.0,°C
2025-12-09,14:22:28.864501,1765286548.864501,s,498.402788,s,43.0,°C
2025-12-09,14:22:29.126240,1765286549.12624,s,498.664527,s,43.0,°C
2025-12-09,14:22:29.364940,1765286549.36494,s,498.903227,s,43.0,°C
2025-12-09,14:22:29.626501,1765286549.626501,s,499.164788,s,43.0,°C
2025-12-09,14:22:29.865313,1765286549.865313,s,499.4036,s,43.0,°C
2025-12-09,14:22:30.126823,1765286550.126823,s,499.66511,s,43.0,°C
2025-12-09,14:22:30.365629,1765286550.365629,s,499.903916,s,43.0,°C
2025-12-09,14:22:30.627145,1765286550.627145,s,500.165432,s,43.0,°C
2025-12-09,14:22:30.865958,1765286550.865958,s,500.404245,s,43.0,°C
2025-12-09,14:22:31.127352,1765286551.127352,s,500.665639,s,43.0,°C
2025-12-09,14:22:31.366266,1765286551.366266,s,500.904553,s,43.0,°C
2025-12-09,14:22:31.627577,1765286551.627577,s,501.165864,s,43.0,°C
2025-12-09,14:22:31.866677,1765286551.866677,s,501.404964,s,43.0,°C
2025-12-09,14:22:32.127949,1765286552.127949,s,501.666236,s,43.0,°C
2025-12-09,14:22:32.367002,1765286552.367002,s,501.905289,s,43.0,°C
2025-12-09,14:22:32.628306,1765286552.628306,s,502.166593,s,43.0,°C
2025-12-09,14:22:32.867408,1765286552.867408,s,502.405695,s,43.0,°C
2025-12-09,14:22:33.128550,1765286553.12855,s,502.666837,s,43.0,°C
2025-12-09,14:22:33.367642,1765286553.367642,s,502.905929,s,43.0,°C
2025-12-09,14:22:33.628915,1765286553.628915,s,503.167202,s,43.0,°C
2025-12-09,14:22:33.867958,1765286553.867958,s,503.406245,s,43.0,°C
2025-12-09,14:22:34.129378,1765286554.129378,s,503.667665,s,43.0,°C
2025-12-09,14:22:34.368309,1765286554.368309,s,503.906596,s,43.0,°C
2025-12-09,14:22:34.629724,1765286554.629724,s,504.168011,s,43.0,°C
2025-12-09,14:22:34.868542,1765286554.868542,s,504.406829,s,43.0,°C
2025-12-09,14:22:35.130203,1765286555.130203,s,504.66849,s,43.0,°C
2025-12-09,14:22:35.368942,1765286555.368942,s,504.907229,s,43.0,°C
2025-12-09,14:22:35.630672,1765286555.630672,s,505.168959,s,43.0,°C
2025-12-09,14:22:35.869270,1765286555.86927,s,505.407557,s,43.0,°C
2025-12-09,14:22:36.131044,1765286556.131044,s,505.669331,s,43.0,°C
2025-12-09,14:22:36.369616,1765286556.369616,s,505.907903,s,43.0,°C
2025-12-09,14:22:36.631558,1765286556.631558,s,506.169845,s,43.0,°C
2025-12-09,14:22:36.869922,1765286556.869922,s,506.408209,s,43.0,°C
2025-12-09,14:22:37.131900,1765286557.1319,s,506.670187,s,43.0,°C
2025-12-09,14:22:37.370257,1765286557.370257,s,506.908544,s,43.0,°C
