{
  "I_KS_A":0.1918032787,
  "U_LL_V":1.0581967213,
  "P_max_W":0.066,
  "RL_at_Pmax_Ohm":5.4545454545,
  "CFF":0.3251782558
}