U_V,U_shunt_V,I_A,P_W,RL_Ohm
0.02,0.095,0.19308943089430894,0.003861788617886179,0.10357894736842106
0.1,0.09,0.18292682926829268,0.018292682926829267,0.5466666666666667
0.2,0.085,0.17276422764227645,0.03455284552845529,1.1576470588235293
0.4,0.07,0.14227642276422767,0.05691056910569107,2.811428571428571
0.6,0.055,0.11178861788617886,0.06707317073170731,5.367272727272727
0.8,0.04,0.08130081300813008,0.06504065040650407,9.840000000000002
0.95,0.025,0.05081300813008131,0.04827235772357724,18.695999999999998
1.0,0.015,0.03048780487804878,0.03048780487804878,32.800000000000004
1.02,0.008,0.016260162601626018,0.016585365853658537,62.73
