U_V,U_shunt_V,I_A,P_W,RL_Ohm
0.02,0.095,0.19,0.0038,0.10526315789473684
0.1,0.09,0.18,0.018,0.5555555555555556
0.2,0.085,0.17,0.034,1.1764705882352942
0.4,0.07,0.14,0.05600000000000001,2.857142857142857
0.6,0.055,0.11,0.066,5.454545454545454
0.8,0.04,0.08,0.064,10.0
0.95,0.025,0.05,0.0475,18.999999999999996
1.0,0.015,0.03,0.03,33.333333333333336
1.02,0.008,0.016,0.01632,63.75
