{
  "I_KS_A":0.1949220312,
  "U_LL_V":1.0581967213,
  "P_max_W":0.0670731707,
  "RL_at_Pmax_Ohm":5.3672727273,
  "CFF":0.3251782558
}