{
  "I_KS_A":0.0163100575,
  "U_LL_V":3.2859032258,
  "P_max_W":0.0366947967,
  "RL_at_Pmax_Ohm":170.3773481276,
  "CFF":0.6846903776
}