U_V,U_shunt_V,I_A,P_W,RL_Ohm
0.02,0.16,0.32,0.0064,0.0625
0.1,0.155,0.31,0.031,0.32258064516129037
0.2,0.15,0.3,0.06,0.6666666666666667
0.4,0.13,0.26,0.10400000000000001,1.5384615384615385
0.6,0.11,0.22,0.132,2.727272727272727
0.8,0.09,0.18,0.144,4.444444444444445
1.0,0.07,0.14,0.14,7.142857142857142
1.1,0.05,0.1,0.11000000000000001,11.0
1.15,0.03,0.06,0.06899999999999999,19.166666666666664
