{
  "I_KS_A":0.3218032787,
  "U_LL_V":1.2777777778,
  "P_max_W":0.144,
  "RL_at_Pmax_Ohm":4.4444444444,
  "CFF":0.3502004474
}