{
  "I_KS_A":0.0261529294,
  "U_LL_V":3.2715270073,
  "P_max_W":0.0664430488,
  "RL_at_Pmax_Ohm":114.150631845,
  "CFF":0.7765665888
}